0x803D64,Name,Description,ID,Support Class,Portrait,Map Portrait,Affinity,Unit Sort Order,LV,HP,STR,SKL,SPD,DEF,RES,LUK,CON,Sword,Lance,Axe,Bow,Staff,Anima,Light,Dark,HP Growth,Atk Growth,Skl Growth,Spd Growth,Def Growth,Res Growth,Luck Growth,N/A,N/A,N/A,N/A,N/A,CharClassAbility,Support Data Ptr,N/A (Conversation Group),N/A,N/A,N/A
01 Serini,SeriniName,SeriniDesc,0x1,Captain,0x02,0x0,0x05,0x1,1,8,1,2,3,1,7,7,0,DRank,NoRank,NoRank,NoRank,NoRank,NoRank,NoRank,NoRank,60,25,40,50,20,35,50,0x0,0x0,0x0,0x0,0x0,0x0,0x88aebac,0x7,0x0,0x0,0x0
02 Zoey,ZoeyName,ZoeyDesc,0x2,Sniper_F,0x04,0x0,0x06,0x3,1,7,1,10,7,0,6,15,1,NoRank,NoRank,NoRank,ARank,NoRank,NoRank,NoRank,NoRank,65,35,60,40,10,50,35,0x0,0x0,0x0,0x0,0x0,0x0,0x88aebdc,0x3,0x0,0x0,0x0
03 Theo,TheoName,TheoDesc,0x3,Fighter,0x05,0x0,0x02,0x7,3,8,5,6,3,3,1,6,2,NoRank,NoRank,DRank,NoRank,NoRank,NoRank,NoRank,NoRank,90,40,50,25,25,10,30,0x0,0x0,0x0,0x0,0x0,0x0,0x88aec0c,0x4,0x0,0x0,0x0
04 Tyn,TynName,TynDesc,0x4,LanceKnight,0x06,0x0,0x04,0x6,2,8,3,3,4,1,0,8,0,NoRank,DRank,NoRank,NoRank,NoRank,NoRank,NoRank,NoRank,70,30,35,30,25,10,40,0x0,0x0,0x0,0x0,0x0,0x0,0x88aebf4,0x3,0x0,0x0,0x0
05 Kuri,0x216,0x272,0x5,0x41,0x07,0x0,0x03,0x8,5,8,2,4,4,2,0,6,1,NoRank,NoRank,DRank,NoRank,NoRank,NoRank,NoRank,NoRank,90,30,25,45,10,10,30,0x0,0x0,0x0,0x0,0x0,0x0,0x88aec24,0x4,0x0,0x0,0x0
06 Rayse,0x217,0x273,0x6,0x0F,0x08,0x0,0x06,0x9,3,7,3,0,2,2,0,6,0,DRank,NoRank,NoRank,NoRank,NoRank,NoRank,NoRank,NoRank,60,30,40,35,25,5,40,0x0,0x0,0x0,0x0,0x0,0x0,0x88aec3c,0xa,0x0,0x0,0x0
07 Kalcass,0x218,0x274,0x7,0x09,0x09,0x0,0x02,0xa,8,8,0,0,5,2,4,6,0,NoRank,DRank,NoRank,NoRank,NoRank,NoRank,NoRank,NoRank,105,40,40,20,35,5,60,0x0,0x0,0x0,0x0,0x0,0x0,0x88aec6c,0x5,0x0,0x0,0x0
08 Wemble,0x219,0x275,0x8,0x44,0x0A,0x0,0x01,0xb,5,7,0,2,3,1,2,6,0,NoRank,NoRank,NoRank,NoRank,NoRank,NoRank,ERank,NoRank,50,5,30,40,15,35,50,0x0,0x0,0x0,0x0,0x0,0x0,0x88aec9c,0x7,0x0,0x0,0x0
09 Romeo,0x21a,0x276,0x9,0x0D,0x0C,0x0,0x06,0xc,7,12,3,5,8,2,1,5,1,ERank,NoRank,NoRank,NoRank,NoRank,NoRank,NoRank,NoRank,30,40,50,100,15,15,10,0x0,0x0,0x0,0x0,0x0,0x0,0x88aec84,0x0,0x0,0x0,0x0
0A Michelle,0x21b,0x277,0xa,0x4A,0x0E,0x0,0x01,0xd,9,7,0,8,7,1,5,3,0,NoRank,NoRank,NoRank,NoRank,CRank,NoRank,NoRank,NoRank,50,5,30,25,10,60,25,0x0,0x0,0x0,0x0,0x0,SwordmasterUnlock,0x88aec54,0x1,0x0,0x0,0x0
0B Dobrilo,0x21c,0x278,0xb,0x25,0x0F,0x0,0x04,0x14,8,10,4,7,5,3,1,8,2,NoRank,NoRank,NoRank,NoRank,NoRank,0x29,NoRank,NoRank,75,30,25,40,20,20,35,0x0,0x0,0x0,0x0,0x0,0x0,0x88aed5c,0x0,0x0,0x0,0x0
0C Abigail,0x21d,0x279,0xc,0x89,0x10,0x0,0x05,0xf,5,0,0,6,1,-5,0,5,0,NoRank,NoRank,NoRank,NoRank,NoRank,NoRank,NoRank,NoRank,30,0,70,10,15,10,100,0x0,0x0,0x0,0x0,0x0,0x0,0x88aeccc,0x7,0x0,0x0,0x0
0D Filna,0x21e,0x27a,0xd,0x4B,0x11,0x0,0x03,0x10,2,6,-1,4,7,2,-2,6,1,DRank,NoRank,NoRank,NoRank,DRank,NoRank,NoRank,NoRank,60,30,30,40,15,20,70,0x0,0x0,0x0,0x0,0x0,UnlockLock1,0x88aece4,0xa,0x0,0x0,0x0
0E Emilia,0x21f,0x27b,0xe,0x87,0x13,0x0,0x01,0x1f,9,8,9,4,6,6,0,7,0,NoRank,NoRank,0x29,NoRank,NoRank,NoRank,NoRank,NoRank,65,25,30,45,30,2,30,0x0,0x0,0x0,0x0,0x0,0x0,0x88aee1c,0x0,0x0,0x0,0x0
0F Indio,0x220,0x27c,0xf,0x80,0x14,0x0,0x01,0x1,10,8,0,5,7,0,5,8,1,NoRank,CRank,NoRank,NoRank,NoRank,NoRank,NoRank,NoRank,80,25,50,45,15,35,30,0x0,0x0,0x0,0x0,0x0,0x0,0x88aebc4,0x3,0x0,0x0,0x0
10 Eimhir,0x221,0x27d,0x10,0x94,0x0D,0x0,0x06,0x5,3,4,4,2,5,0,2,10,0,NoRank,ERank,NoRank,NoRank,NoRank,NoRank,NoRank,NoRank,60,50,25,45,20,25,65,0x0,0x0,0x0,0x0,0x0,0x0,0x88aed2c,0x3,0x0,0x0,0x0
11 Javeda,0x222,0x27e,0x11,0x14,0x18,0x0,0x03,0x4,7,9,5,4,8,5,1,7,0,CRank,NoRank,NoRank,NoRank,NoRank,NoRank,NoRank,NoRank,75,20,40,60,20,25,40,0x0,0x0,0x0,0x0,0x0,0x0,0x88aed14,0x3,0x0,0x0,0x0
12 Ilta,0x223,0x27f,0x12,0x81,0x19,0x0,0x01,0x13,7,10,4,3,4,3,3,6,4,NoRank,NoRank,NoRank,CRank,NoRank,NoRank,NoRank,NoRank,60,25,50,50,25,15,60,0x0,0x0,0x0,0x0,0x0,0x0,0x88aee34,0x7,0x0,0x0,0x0
13 Tiche,0x224,0x280,0x13,0x0A,0x1A,0x0,0x05,0xe,5,6,3,2,7,0,4,7,0,NoRank,NoRank,0x33,NoRank,NoRank,NoRank,NoRank,NoRank,70,30,35,40,20,35,30,0x0,0x0,0x0,0x0,0x0,0x0,0x88aecb4,0x0,0x0,0x0,0x0
14 Rena,0x225,0x281,0x14,0x0F,0x1B,0x0,0x02,0x15,1,14,10,5,5,6,4,8,4,CRank,NoRank,NoRank,NoRank,NoRank,NoRank,NoRank,NoRank,90,45,40,30,35,25,30,0x0,0x0,0x0,0x0,0x0,0x0,0x88aed74,0x4,0x0,0x0,0x0
15 Marshall,0x226,0x282,0x15,0x06,0x1C,0x0,0x03,0x16,8,8,3,4,9,1,12,8,1,DRank,NoRank,NoRank,NoRank,NoRank,NoRank,NoRank,NoRank,70,30,50,35,15,30,50,0x0,0x0,0x0,0x0,0x0,0x0,0x88aed8c,0x7,0x0,0x0,0x0
16 Oswald,0x227,0x283,0x16,0x07,0x1E,0x0,0x04,0x17,5,14,10,11,5,2,-2,11,1,DRank,BRank,NoRank,NoRank,NoRank,NoRank,NoRank,NoRank,70,60,50,25,30,5,30,0x0,0x0,0x0,0x0,0x0,0x0,0x88aeda4,0xc,0x0,0x0,0x0
17 Nahul,0x228,0x284,0x17,0x27,0x20,0x0,0x03,0x18,1,5,-2,8,6,1,2,11,1,NoRank,NoRank,NoRank,NoRank,NoRank,BRank,CRank,NoRank,50,30,25,40,30,35,40,0x0,0x0,0x0,0x0,0x0,0x0,0x88aedbc,0x6,0x0,0x0,0x0
18 Shuyev,0x229,0x285,0x18,0x45,0x21,0x0,0x02,0x19,12,9,4,0,4,-1,-1,6,3,NoRank,NoRank,NoRank,NoRank,CRank,NoRank,NoRank,NoRank,50,30,30,55,15,30,40,0x0,0x0,0x0,0x0,0x0,0x0,0x88aedd4,0x5,0x0,0x0,0x0
19 Kashil,0x22a,0x286,0x19,0x19,0x22,0x0,0x06,0x1b,10,11,4,6,4,5,0,6,1,NoRank,NoRank,NoRank,0x5B,NoRank,NoRank,NoRank,NoRank,75,40,40,30,40,5,30,0x0,0x0,0x0,0x0,0x0,0x0,0x88aedec,0xb,0x0,0x0,0x0
1A Tabitha,0x22b,0x287,0x1a,0x0E,0x23,0x0,0x02,0x1c,10,10,4,5,6,7,10,10,2,NoRank,CRank,NoRank,NoRank,NoRank,NoRank,NoRank,NoRank,60,30,30,30,30,30,30,0x0,0x0,0x0,0x0,0x0,0x0,0x88aee04,0x4,0x0,0x0,0x0
1B Harald,0x267,0x0,0x1b,0x99,0x12,0x0,0x02,0x0,3,9,5,0,1,0,1,6,0,NoRank,NoRank,NoRank,NoRank,DRank,NoRank,NoRank,NoRank,80,40,30,25,30,10,50,0x0,0x0,0x0,0x0,0x0,0x0,0x0,0x0,0x0,0x0,0x0
1C Kessler,0x22d,0x288,0x1c,0x42,0x24,0x0,0x03,0x1d,14,8,7,13,8,6,11,8,0,NoRank,NoRank,CRank,NoRank,NoRank,NoRank,NoRank,NoRank,65,20,60,40,10,25,40,0x0,0x0,0x0,0x0,0x0,0x0,0x88aee4c,0x0,0x0,0x0,0x0
1D Fabian,0x22e,0x289,0x1d,0x47,0x25,0x0,0x04,0x1e,14,21,4,-3,8,5,7,8,0,BRank,NoRank,NoRank,NoRank,NoRank,NoRank,NoRank,NoRank,90,50,25,20,35,30,20,0x0,0x0,0x0,0x0,0x0,0x0,0x88aee64,0x4,0x0,0x0,0x0
1E Myrrh,0x22f,0x28a,0x1e,0x3C,0x26,0x0,0x03,0x22,1,3,3,1,3,0,5,3,0,NoRank,NoRank,NoRank,NoRank,NoRank,NoRank,NoRank,NoRank,130,90,85,65,150,30,30,0x0,0x0,0x0,0x0,0x0,0x0,0x88aee7c,0xc,0x0,0x0,0x0
1F Knoll,0x230,0x28b,0x1f,0x2D,0x29,0x0,0x05,0x20,9,5,10,8,6,0,6,0,0,NoRank,NoRank,NoRank,NoRank,NoRank,NoRank,NoRank,CRank,70,50,40,35,10,45,20,0x0,0x0,0x0,0x0,0x0,0x0,0x88aee94,0x3,0x0,0x0,0x0
20 Joshua,0x231,0x28c,0x20,0x13,0x2A,0x0,0x03,0x11,5,8,4,4,5,3,2,7,0,CRank,NoRank,NoRank,NoRank,NoRank,NoRank,NoRank,NoRank,80,35,55,55,20,20,30,0x0,0x0,0x0,0x0,0x0,0x0,0x88aecfc,0x3,0x0,0x0,0x0
21 Apolonia,0x232,0x28d,0x21,0x49,0x2B,0x0,0x02,0x23,1,7,6,6,8,5,8,12,1,CRank,ARank,NoRank,NoRank,NoRank,NoRank,NoRank,NoRank,70,40,50,60,20,50,30,0x0,0x0,0x0,0x0,0x0,0x0,0x88aeeac,0xa,0x0,0x0,0x0
22 Tana,0x233,0x28e,0x22,0x48,0x2C,0x0,0x03,0x12,4,6,3,4,8,3,5,8,0,NoRank,DRank,NoRank,NoRank,NoRank,NoRank,NoRank,NoRank,65,45,40,65,20,25,60,0x0,0x0,0x0,0x0,0x0,0x0,0x88aed44,0xa,0x0,0x0,0x0
23 Lyon,0x234,0x28f,0x23,0x4F,0x46,0x0,0x04,0x24,14,26,13,9,6,14,11,4,0,NoRank,NoRank,NoRank,NoRank,ARank,NoRank,NoRank,SRank,85,50,55,55,45,55,30,0x0,0x0,0x0,0x0,0x0,0x0,0x0,0x0,0x0,0x0,0x0
24 Roppola,0x236,0x291,0x24,0x28,0x45,0x0,0x05,0x28,12,11,1,9,4,-2,4,3,1,NoRank,NoRank,NoRank,NoRank,NoRank,ARank,BRank,NoRank,80,55,45,40,45,30,25,0x0,0x0,0x0,0x0,0x0,IsBoss,0x0,0x0,0x0,0x0,0x0
25 Burk,0x24a,0x2a4,0x25,0x21,0x4B,0x0,0x03,0x27,12,21,11,12,6,8,4,7,1,ARank,ARank,NoRank,NoRank,NoRank,NoRank,NoRank,NoRank,85,45,50,45,35,40,20,0x0,0x0,0x0,0x0,0x0,0x0,0x0,0x0,0x0,0x0,0x0
26 Breoca,0x238,0x293,0x26,0x2A,0x3F,0x0,0x02,0x26,11,19,10,8,10,8,11,10,0,NoRank,NoRank,NoRank,NoRank,BRank,ARank,NoRank,NoRank,85,40,55,40,20,30,25,0x0,0x0,0x0,0x0,0x0,0x0,0x0,0x0,0x0,0x0,0x0
27 Alistair,0x237,0x292,0x27,0x23,0x42,0x0,0x04,0x29,13,25,12,10,9,6,11,3,1,NoRank,SRank,NoRank,NoRank,NoRank,NoRank,NoRank,NoRank,80,40,55,50,20,20,15,0x0,0x0,0x0,0x0,0x0,0x0,0x0,0x0,0x0,0x0,0x0
28 Riev,0x246,0x2a0,0x28,0x2B,0x48,0x0,0x05,0x2b,16,28,10,17,15,13,10,9,0,NoRank,NoRank,NoRank,NoRank,ARank,NoRank,SRank,NoRank,75,45,50,40,20,45,15,0x0,0x0,0x0,0x0,0x0,0x0,0x0,0x0,0x0,0x0,0x0
29 Ekalavya,0x244,0x29f,0x29,0x36,0x43,0x0,0x03,0x2a,15,15,9,12,18,4,12,11,1,NoRank,NoRank,ARank,BRank,NoRank,NoRank,NoRank,NoRank,70,25,30,30,15,20,20,0x0,0x0,0x0,0x0,0x0,0x0,0x0,0x0,0x0,0x0,0x0
2A Fado,0x25b,0x2b3,0x2a,0x0B,0x51,0x0,0x01,0x2c,11,25,12,10,9,5,8,5,3,ARank,ARank,ARank,NoRank,NoRank,NoRank,NoRank,NoRank,85,55,40,30,45,25,25,0x0,0x0,0x0,0x0,0x0,0x0,0x0,0x0,0x0,0x0,0x0
2B Ismaire,0x260,0x2b8,0x2b,0x16,0x56,0x0,0x03,0x2e,9,14,10,9,11,4,12,12,0,ARank,NoRank,NoRank,NoRank,NoRank,NoRank,NoRank,NoRank,75,30,60,55,20,25,30,0x0,0x0,0x0,0x0,0x0,0x0,0x0,0x0,0x0,0x0,0x0
2C Kedge,0x25c,0x2b4,0x2c,0x1D,0x52,0x0,0x07,0x2d,10,16,10,8,8,6,9,17,1,ARank,NoRank,NoRank,ARank,NoRank,NoRank,NoRank,NoRank,70,40,45,45,25,25,40,0x0,0x0,0x0,0x0,0x0,0x0,0x0,0x0,0x0,0x0,0x0
2D Serini,0x267,0x0,0x2d,0x02,0x02,0x0,0x06,0x0,1,0,0,0,0,0,0,5,0,ERank,NoRank,NoRank,NoRank,NoRank,NoRank,NoRank,NoRank,70,40,60,60,30,30,60,0x0,0x0,0x0,0x0,0x0,0x0,0x0,0x0,0x0,0x0,0x0
2E Enemy,0x267,0x0,0x2e,0x41,0x00,0x0,0x00,0x0,0,0,0,0,0,0,0,0,0,NoRank,NoRank,NoRank,NoRank,NoRank,NoRank,NoRank,NoRank,85,50,10,10,10,15,30,0x0,0x0,0x0,0x0,0x0,0x0,0x0,0x0,0x0,0x0,0x0
2F Enemy,0x267,0x0,0x2f,0x41,0x00,0x0,0x00,0x0,0,0,0,0,0,0,0,0,0,NoRank,NoRank,NoRank,NoRank,NoRank,NoRank,NoRank,NoRank,85,50,10,10,10,15,30,0x0,0x0,0x0,0x0,0x0,0x0,0x0,0x0,0x0,0x0,0x0
30 Enemy,0x267,0x0,0x30,0x41,0x00,0x0,0x00,0x0,0,0,0,0,0,0,0,0,0,NoRank,NoRank,NoRank,NoRank,NoRank,NoRank,NoRank,NoRank,85,50,10,10,10,15,30,0x0,0x0,0x0,0x0,0x0,0x0,0x0,0x0,0x0,0x0,0x0
31 Enemy,0x267,0x0,0x31,0x41,0x00,0x0,0x00,0x0,0,0,0,0,0,0,0,0,0,NoRank,NoRank,NoRank,NoRank,NoRank,NoRank,NoRank,NoRank,85,50,10,10,10,15,30,0x0,0x0,0x0,0x0,0x0,0x0,0x0,0x0,0x0,0x0,0x0
32 Enemy,0x267,0x0,0x32,0x41,0x00,0x0,0x00,0x0,0,0,0,0,0,0,0,0,0,NoRank,NoRank,NoRank,NoRank,NoRank,NoRank,NoRank,NoRank,85,50,10,10,10,15,30,0x0,0x0,0x0,0x0,0x0,0x0,0x0,0x0,0x0,0x0,0x0
33 Enemy,0x267,0x0,0x33,0x41,0x00,0x0,0x00,0x0,0,0,0,0,0,0,0,0,0,NoRank,NoRank,NoRank,NoRank,NoRank,NoRank,NoRank,NoRank,85,50,10,10,10,15,30,0x0,0x0,0x0,0x0,0x0,0x0,0x0,0x0,0x0,0x0,0x0
34 Enemy,0x267,0x0,0x34,0x41,0x00,0x0,0x00,0x0,0,0,0,0,0,0,0,0,0,NoRank,NoRank,NoRank,NoRank,NoRank,NoRank,NoRank,NoRank,85,50,10,10,10,15,30,0x0,0x0,0x0,0x0,0x0,0x0,0x0,0x0,0x0,0x0,0x0
35 Enemy,0x267,0x0,0x35,0x41,0x00,0x0,0x00,0x0,0,0,0,0,0,0,0,0,0,NoRank,NoRank,NoRank,NoRank,NoRank,NoRank,NoRank,NoRank,85,50,10,10,10,15,30,0x0,0x0,0x0,0x0,0x0,0x0,0x0,0x0,0x0,0x0,0x0
36 Enemy,0x267,0x0,0x36,0x41,0x00,0x0,0x00,0x0,0,0,0,0,0,0,0,0,0,NoRank,NoRank,NoRank,NoRank,NoRank,NoRank,NoRank,NoRank,85,50,10,10,10,15,30,0x0,0x0,0x0,0x0,0x0,0x0,0x0,0x0,0x0,0x0,0x0
37 Enemy,0x267,0x0,0x37,0x41,0x00,0x0,0x00,0x0,0,0,0,0,0,0,0,0,0,NoRank,NoRank,NoRank,NoRank,NoRank,NoRank,NoRank,NoRank,85,50,10,10,10,15,30,0x0,0x0,0x0,0x0,0x0,0x0,0x0,0x0,0x0,0x0,0x0
38 Enemy,0x267,0x0,0x38,0x41,0x00,0x0,0x00,0x0,0,0,0,0,0,0,0,0,0,NoRank,NoRank,NoRank,NoRank,NoRank,NoRank,NoRank,NoRank,85,50,10,10,10,15,30,0x0,0x0,0x0,0x0,0x0,0x0,0x0,0x0,0x0,0x0,0x0
39 Enemy,0x267,0x0,0x39,0x41,0x00,0x0,0x00,0x0,0,0,0,0,0,0,0,0,0,NoRank,NoRank,NoRank,NoRank,NoRank,NoRank,NoRank,NoRank,85,50,10,10,10,15,30,0x0,0x0,0x0,0x0,0x0,0x0,0x0,0x0,0x0,0x0,0x0
3A Enemy,0x267,0x0,0x3a,0x41,0x00,0x0,0x00,0x0,0,0,0,0,0,0,0,0,0,NoRank,NoRank,NoRank,NoRank,NoRank,NoRank,NoRank,NoRank,85,50,10,10,10,15,30,0x0,0x0,0x0,0x0,0x0,0x0,0x0,0x0,0x0,0x0,0x0
3B Phantom,0x2f1,0x33d,0x3b,0x07,0x00,0x7,0x05,0x25,1,0,3,2,3,0,0,20,0,NoRank,NoRank,CRank,NoRank,NoRank,NoRank,NoRank,NoRank,0,60,45,30,0,0,60,0x0,0x0,0x0,0x0,0x0,0x0,0x0,0x0,0x0,0x0,0x0
3C Swap,0x26d,0x32e,0x3c,0x31,0x00,0x0,0x00,0x0,18,0,0,0,0,0,0,0,0,NoRank,NoRank,NoRank,NoRank,ERank,NoRank,NoRank,CRank,50,30,35,32,8,40,45,0x0,0x0,0x0,0x0,0x0,0x0,0x0,0x0,0x0,0x0,0x0
3D Summonern,0x26c,0x32e,0x3d,0x31,0x00,0x0,0x00,0x0,9,0,0,0,0,0,0,0,0,NoRank,NoRank,NoRank,NoRank,ERank,NoRank,NoRank,CRank,50,30,35,32,8,40,45,0x0,0x0,0x0,0x0,0x0,0x0,0x0,0x0,0x0,0x0,0x0
3E Phantom,0x2f1,0x33d,0x3e,0x5F,0x00,0x7,0x05,0x21,1,0,2,1,2,0,0,10,0,NoRank,NoRank,CRank,NoRank,NoRank,NoRank,NoRank,NoRank,0,50,50,40,0,0,55,0x0,0x0,0x0,0x0,0x0,0x0,0x0,0x0,0x0,0x0,0x0
3F Phantom,0x2f1,0x33d,0x3f,0x52,0x00,0x7,0x05,0x1a,1,0,1,2,1,0,0,0,0,NoRank,NoRank,CRank,NoRank,NoRank,NoRank,NoRank,NoRank,0,70,40,20,0,0,40,0x0,0x0,0x0,0x0,0x0,0x0,0x0,0x0,0x0,0x0,0x0
40 Lyon,0x234,0x28f,0x40,0x4F,0x4A,0x0,0x04,0x0,14,26,13,9,6,14,11,4,0,NoRank,NoRank,NoRank,NoRank,ARank,NoRank,NoRank,SRank,85,50,55,55,45,55,30,0x0,0x0,0x0,0x0,0x0,IsBoss,0x0,0x0,0x0,0x0,0x0
41 Morva,0x235,0x290,0x41,0x3B,0x00,0x1,0x03,0x0,18,42,16,10,11,3,7,7,0,NoRank,NoRank,NoRank,NoRank,NoRank,NoRank,NoRank,NoRank,150,100,90,70,160,80,30,0x0,0x0,0x0,0x0,0x0,IsBoss,0x0,0x0,0x0,0x0,0x0
42 Roppola,0x236,0x291,0x42,0x07,0x45,0x0,0x05,0x0,3,11,8,9,4,5,4,4,1,ARank,ARank,NoRank,NoRank,NoRank,NoRank,NoRank,NoRank,80,55,45,40,45,30,25,0x0,0x0,0x0,0x0,0x0,IsBoss,0x0,0x0,0x0,0x0,0x0
43 Alistair,0x237,0x292,0x43,0x29,0x42,0x0,0x02,0x0,10,17,4,10,2,3,3,2,3,ARank,NoRank,NoRank,NoRank,NoRank,ARank,NoRank,NoRank,80,40,55,50,20,20,15,0x0,0x0,0x0,0x0,0x0,IsBoss,0x0,0x0,0x0,0x0,0x0
44 Breoca,0x238,0x293,0x44,0x1F,0x3F,0x0,0x03,0x0,11,16,13,12,8,6,1,4,3,NoRank,NoRank,ARank,NoRank,NoRank,NoRank,NoRank,NoRank,85,40,55,40,20,30,25,0x0,0x0,0x0,0x0,0x0,IsBoss,0x0,0x0,0x0,0x0,0x0
45 Alistair,0x237,0x292,0x45,0x23,0x42,0x0,0x04,0x0,5,14,6,7,6,3,5,2,1,NoRank,ARank,NoRank,NoRank,NoRank,NoRank,NoRank,NoRank,85,50,10,10,10,15,30,0x0,0x0,0x0,0x0,0x0,IsBoss,0x0,0x0,0x0,0x0,0x0
46 Anszt,0x239,0x294,0x46,0x13,0x31,0x0,0x02,0x0,6,5,3,0,3,0,0,0,3,CRank,NoRank,NoRank,NoRank,NoRank,NoRank,NoRank,NoRank,85,50,10,10,10,15,30,0x0,0x0,0x0,0x0,0x0,IsBoss,0x0,0x0,0x0,0x0,0x0
47 Roarke,0x23a,0x295,0x47,0x06,0x32,0x0,0x04,0x0,14,10,8,8,3,3,2,3,3,CRank,NoRank,NoRank,NoRank,NoRank,NoRank,NoRank,NoRank,85,50,10,10,10,15,30,0x0,0x0,0x0,0x0,0x0,IsBoss,0x0,0x0,0x0,0x0,0x0
48 Stim,0x23b,0x296,0x48,0x2F,0x33,0x0,0x05,0x0,1,8,-1,4,2,-1,0,5,0,NoRank,NoRank,NoRank,NoRank,NoRank,CRank,NoRank,BRank,85,50,10,10,10,15,30,0x0,0x0,0x0,0x0,0x0,IsBoss,0x0,0x0,0x0,0x0,0x0
49 Monster,0x255,0x2b1,0x49,0x53,0x00,0x4,0x05,0x0,6,0,0,0,0,0,0,0,0,NoRank,NoRank,NoRank,NoRank,NoRank,NoRank,NoRank,NoRank,85,50,10,10,10,15,30,0x0,0x0,0x0,0x0,0x0,IsBoss,0x0,0x0,0x0,0x0,0x0
4A Tael,0x23c,0x297,0x4a,0x41,0x34,0x0,0x07,0x0,10,13,6,4,2,2,3,4,0,NoRank,NoRank,CRank,NoRank,NoRank,NoRank,NoRank,NoRank,85,50,10,10,10,15,30,0x0,0x0,0x0,0x0,0x0,IsBoss,0x0,0x0,0x0,0x0,0x0
4B Caigan,0x23d,0x298,0x4b,0x2D,0x36,0x0,0x01,0x0,8,13,0,4,5,2,2,7,0,NoRank,NoRank,NoRank,NoRank,NoRank,NoRank,NoRank,CRank,85,50,10,10,10,15,30,0x0,0x0,0x0,0x0,0x0,IsBoss,0x0,0x0,0x0,0x0,0x0
4C Yevan,0x23e,0x299,0x4c,0x81,0x37,0x0,0x06,0x0,11,12,1,8,5,-1,6,7,0,NoRank,NoRank,NoRank,CRank,NoRank,NoRank,NoRank,NoRank,85,50,10,10,10,15,30,0x0,0x0,0x0,0x0,0x0,IsBoss,0x0,0x0,0x0,0x0,0x0
4D Nachum,0x23f,0x29a,0x4d,0x80,0x38,0x0,0x07,0x0,15,17,6,5,2,4,4,5,0,NoRank,ARank,NoRank,NoRank,NoRank,NoRank,NoRank,NoRank,85,50,10,10,10,15,30,0x0,0x0,0x0,0x0,0x0,IsBoss,0x0,0x0,0x0,0x0,0x0
4E Rakesh,0x240,0x29b,0x4e,0x1D,0x39,0x0,0x04,0x0,2,15,3,6,2,0,1,3,3,BRank,NoRank,NoRank,CRank,NoRank,NoRank,NoRank,NoRank,85,50,10,10,10,15,30,0x0,0x0,0x0,0x0,0x0,IsBoss,0x0,0x0,0x0,0x0,0x0
4F Hetan,0x241,0x29c,0x4f,0x40,0x3A,0x0,0x05,0x0,5,15,6,7,3,2,2,7,3,NoRank,NoRank,CRank,CRank,NoRank,NoRank,NoRank,NoRank,85,50,25,35,15,15,30,0x0,0x0,0x0,0x0,0x0,IsBoss,0x0,0x0,0x0,0x0,0x0
50 Punam,0x255,0x2b1,0x50,0x2C,0x2F,0x4,0x05,0x0,9,15,0,6,2,5,5,8,0,NoRank,NoRank,NoRank,NoRank,NoRank,NoRank,NoRank,NoRank,85,50,10,10,10,15,30,0x0,0x0,0x0,0x0,0x0,IsBoss,0x0,0x0,0x0,0x0,0x0
51 Hnaef,0x242,0x29d,0x51,0x3A,0x3B,0x0,0x07,0x0,5,17,5,7,6,3,1,9,2,NoRank,BRank,BRank,NoRank,NoRank,NoRank,NoRank,NoRank,85,50,35,35,25,15,30,0x0,0x0,0x0,0x0,0x0,IsBoss,0x0,0x0,0x0,0x0,0x0
52 Rigsrad,0x243,0x29e,0x52,0x88,0x3C,0x0,0x01,0x0,20,18,6,27,3,7,8,8,0,NoRank,NoRank,NoRank,NoRank,NoRank,NoRank,NoRank,NoRank,85,65,10,10,20,20,30,0x0,0x0,0x0,0x0,0x0,IsBoss,0x0,0x0,0x0,0x0,0x0
53 Ekalavya,0x244,0x29f,0x53,0x11,0x43,0x0,0x02,0x0,12,25,13,5,3,7,11,14,2,ARank,NoRank,SRank,NoRank,NoRank,NoRank,NoRank,NoRank,85,50,45,45,30,20,20,0x0,0x0,0x0,0x0,0x0,IsBoss,0x0,0x0,0x0,0x0,0x0
54 Hetan,0x241,0x29c,0x54,0x27,0x3A,0x0,0x04,0x0,7,14,8,5,8,2,12,9,0,NoRank,NoRank,NoRank,NoRank,CRank,BRank,CRank,NoRank,85,50,10,10,10,15,30,0x0,0x0,0x0,0x0,0x0,0x0,0x0,0x0,0x0,0x0,0x0
55 Devrali,0x267,0x0,0x55,0x41,0x00,0x3,0x00,0x0,1,0,0,0,0,0,0,0,0,NoRank,NoRank,NoRank,NoRank,NoRank,NoRank,NoRank,NoRank,85,50,10,10,10,15,30,0x0,0x0,0x0,0x0,0x0,0x0,0x0,0x0,0x0,0x0,0x0
56 Monster,0x255,0x2b1,0x56,0x61,0x00,0x4,0x05,0x0,15,25,10,11,7,5,12,3,0,NoRank,NoRank,NoRank,NoRank,NoRank,NoRank,NoRank,ARank,85,65,20,40,15,40,30,0x0,0x0,0x0,0x0,0x0,IsBoss,0x0,0x0,0x0,0x0,0x0
57 Riev,0x246,0x2a0,0x57,0x2B,0x48,0x0,0x05,0x0,16,28,10,17,15,13,10,9,0,NoRank,NoRank,NoRank,NoRank,ARank,NoRank,SRank,NoRank,75,45,50,40,20,45,15,0x0,0x0,0x0,0x0,0x0,IsBoss,0x0,0x0,0x0,0x0,0x0
58 Talbot,0x267,0x0,0x58,0x41,0x00,0x3,0x00,0x0,1,0,0,0,0,0,0,0,0,NoRank,NoRank,NoRank,NoRank,NoRank,NoRank,NoRank,NoRank,85,50,10,10,10,15,30,0x0,0x0,0x0,0x0,0x0,0x0,0x0,0x0,0x0,0x0,0x0
59 Enemy,0x267,0x0,0x59,0x41,0x00,0x3,0x00,0x0,1,0,0,0,0,0,0,0,0,NoRank,NoRank,NoRank,NoRank,NoRank,NoRank,NoRank,NoRank,85,50,10,10,10,15,30,0x0,0x0,0x0,0x0,0x0,IsBoss,0x0,0x0,0x0,0x0,0x0
5A Kulm,0x247,0x2a1,0x5a,0x31,0x3D,0x0,0x06,0x0,5,20,7,3,4,8,10,4,5,NoRank,NoRank,ARank,NoRank,NoRank,NoRank,NoRank,NoRank,85,50,10,10,10,15,30,0x0,0x0,0x0,0x0,0x0,IsBoss,0x0,0x0,0x0,0x0,0x0
5B Miranker,0x248,0x2a2,0x5b,0x0B,0x3E,0x0,0x04,0x0,7,16,6,5,4,6,0,5,0,ARank,ARank,ARank,ARank,NoRank,NoRank,NoRank,NoRank,85,50,35,35,25,15,30,0x0,0x0,0x0,0x0,0x0,IsBoss,0x0,0x0,0x0,0x0,0x0
5C Monster,0x255,0x2b1,0x5c,0x5A,0x00,0x4,0x05,0x0,9,18,7,3,3,2,10,0,0,NoRank,NoRank,NoRank,NoRank,NoRank,NoRank,NoRank,NoRank,85,50,35,35,25,15,30,0x0,0x0,0x0,0x0,0x0,IsBoss,0x0,0x0,0x0,0x0,0x0
5D Monster,0x255,0x2b1,0x5d,0x56,0x00,0x4,0x05,0x0,8,15,5,10,7,4,7,1,0,NoRank,NoRank,NoRank,NoRank,NoRank,NoRank,NoRank,NoRank,85,50,10,10,10,15,30,0x0,0x0,0x0,0x0,0x0,IsBoss,0x0,0x0,0x0,0x0,0x0
5E Monster,0x255,0x2b1,0x5e,0x64,0x00,0x4,0x05,0x0,8,14,5,9,6,4,4,0,0,NoRank,NoRank,NoRank,NoRank,NoRank,NoRank,NoRank,NoRank,85,50,10,10,10,15,30,0x0,0x0,0x0,0x0,0x0,IsBoss,0x0,0x0,0x0,0x0,0x0
5F Monster,0x255,0x2b1,0x5f,0x53,0x00,0x4,0x05,0x0,1,7,2,2,1,2,2,1,0,NoRank,NoRank,NoRank,NoRank,NoRank,NoRank,NoRank,NoRank,85,50,35,35,15,15,30,0x0,0x0,0x0,0x0,0x0,IsBoss,0x0,0x0,0x0,0x0,0x0
60 Enemy,0x267,0x0,0x60,0x41,0x00,0x3,0x00,0x0,1,0,0,0,0,0,0,0,0,NoRank,NoRank,NoRank,NoRank,NoRank,NoRank,NoRank,NoRank,85,50,10,10,10,15,30,0x0,0x0,0x0,0x0,0x0,IsBoss,0x0,0x0,0x0,0x0,0x0
61 Enemy,0x267,0x0,0x61,0x41,0x00,0x3,0x00,0x0,1,0,0,0,0,0,0,0,0,NoRank,NoRank,NoRank,NoRank,NoRank,NoRank,NoRank,NoRank,85,50,10,10,10,15,30,0x0,0x0,0x0,0x0,0x0,IsBoss,0x0,0x0,0x0,0x0,0x0
62 Enemy,0x267,0x0,0x62,0x41,0x00,0x3,0x00,0x0,1,0,0,0,0,0,0,0,0,NoRank,NoRank,NoRank,NoRank,NoRank,NoRank,NoRank,NoRank,85,50,10,10,10,15,30,0x0,0x0,0x0,0x0,0x0,IsBoss,0x0,0x0,0x0,0x0,0x0
63 Enemy,0x267,0x0,0x63,0x41,0x00,0x3,0x00,0x0,1,0,0,0,0,0,0,0,0,NoRank,NoRank,NoRank,NoRank,NoRank,NoRank,NoRank,NoRank,85,50,10,10,10,15,30,0x0,0x0,0x0,0x0,0x0,IsBoss,0x0,0x0,0x0,0x0,0x0
64 Hunter,0x250,0x2ac,0x64,0x0D,0x00,0x6,0x00,0x0,1,0,0,0,0,0,0,0,0,NoRank,NoRank,NoRank,NoRank,NoRank,NoRank,NoRank,NoRank,85,50,10,10,10,15,30,0x0,0x0,0x0,0x0,0x0,0x0,0x0,0x0,0x0,0x0,0x0
65 Bandit,0x24f,0x2ad,0x65,0x41,0x00,0x6,0x00,0x0,1,0,0,0,0,0,0,0,0,NoRank,NoRank,NoRank,NoRank,NoRank,NoRank,NoRank,NoRank,60,20,30,35,15,15,25,0x0,0x0,0x0,0x0,0x0,0x0,0x0,0x0,0x0,0x0,0x0
66 Bandit,0x24f,0x2ad,0x66,0x41,0x4C,0x6,0x02,0x0,1,2,2,2,2,2,2,2,0,NoRank,NoRank,NoRank,NoRank,NoRank,NoRank,NoRank,NoRank,60,20,30,35,15,15,25,0x0,0x0,0x0,0x0,0x0,0x0,0x0,0x0,0x0,0x0,0x0
67 Bandit,0x24f,0x2ad,0x67,0x41,0x4D,0x6,0x00,0x0,1,0,0,0,0,0,0,0,0,NoRank,NoRank,NoRank,NoRank,NoRank,NoRank,NoRank,NoRank,60,20,30,35,15,15,25,0x0,0x0,0x0,0x0,0x0,0x0,0x0,0x0,0x0,0x0,0x0
68 Fent,0x249,0x2a3,0x68,0x0F,0x4D,0x0,0x01,0x0,4,2,3,2,4,0,0,0,0,DRank,NoRank,NoRank,NoRank,NoRank,NoRank,NoRank,NoRank,85,50,10,10,10,15,30,0x0,0x0,0x0,0x0,0x0,IsBoss,0x0,0x0,0x0,0x0,0x0
69 Burk,0x24a,0x2a4,0x69,0x21,0x4B,0x0,0x03,0x0,12,21,11,12,6,8,4,7,1,BRank,ARank,NoRank,NoRank,NoRank,NoRank,NoRank,NoRank,85,50,10,10,10,15,30,0x0,0x0,0x0,0x0,0x0,IsBoss,0x0,0x0,0x0,0x0,0x0
6A Alik,0x24b,0x2a5,0x6a,0x0D,0x35,0x0,0x06,0x0,13,6,6,6,5,2,3,4,2,CRank,NoRank,NoRank,NoRank,NoRank,NoRank,NoRank,NoRank,85,50,10,10,10,15,30,0x0,0x0,0x0,0x0,0x0,IsBoss,0x0,0x0,0x0,0x0,0x0
6B Victor,0x24c,0x2a6,0x6b,0x03,0x40,0x0,0x07,0x0,20,42,24,23,20,18,23,10,0,SRank,NoRank,NoRank,NoRank,NoRank,NoRank,NoRank,NoRank,85,50,10,10,10,15,30,0x0,0x0,0x0,0x0,0x0,IsBoss,0x0,0x0,0x0,0x0,0x0
6C Lyon,0x234,0x2a7,0x6c,0x4F,0x4A,0x0,0x04,0x0,18,55,20,15,10,23,21,9,0,NoRank,NoRank,NoRank,NoRank,ARank,NoRank,NoRank,SRank,60,20,30,35,15,15,25,0x0,0x0,0x0,0x0,0x0,IsBoss,0x0,0x0,0x0,0x0,0x0
6D [_B][_a][_b][_o][_u][_c][_h][_e],0x236,0x2a8,0x6d,0x07,0x44,0x0,0x05,0x0,13,25,11,11,7,6,8,6,1,ARank,ARank,NoRank,NoRank,NoRank,NoRank,NoRank,NoRank,60,20,30,35,15,15,25,0x0,0x0,0x0,0x0,0x0,IsBoss,0x0,0x0,0x0,0x0,0x0
6E Enemy,0x267,0x0,0x6e,0x41,0x00,0x0,0x00,0x0,0,0,0,0,0,0,0,0,0,NoRank,NoRank,NoRank,NoRank,NoRank,NoRank,NoRank,NoRank,60,20,30,35,15,15,25,0x0,0x0,0x0,0x0,0x0,0x0,0x0,0x0,0x0,0x0,0x0
6F Enemy,0x267,0x0,0x6f,0x41,0x00,0x0,0x00,0x0,0,0,0,0,0,0,0,0,0,NoRank,NoRank,NoRank,NoRank,NoRank,NoRank,NoRank,NoRank,60,20,30,35,15,15,25,0x0,0x0,0x0,0x0,0x0,0x0,0x0,0x0,0x0,0x0,0x0
70 Enemy,0x267,0x0,0x70,0x41,0x00,0x0,0x00,0x0,0,0,0,0,0,0,0,0,0,NoRank,NoRank,NoRank,NoRank,NoRank,NoRank,NoRank,NoRank,60,20,30,35,15,15,25,0x0,0x0,0x0,0x0,0x0,0x0,0x0,0x0,0x0,0x0,0x0
71 Enemy,0x267,0x0,0x71,0x41,0x00,0x0,0x00,0x0,0,0,0,0,0,0,0,0,0,NoRank,NoRank,NoRank,NoRank,NoRank,NoRank,NoRank,NoRank,60,20,30,35,15,15,25,0x0,0x0,0x0,0x0,0x0,0x0,0x0,0x0,0x0,0x0,0x0
72 Enemy,0x267,0x0,0x72,0x41,0x00,0x0,0x00,0x0,0,0,0,0,0,0,0,0,0,NoRank,NoRank,NoRank,NoRank,NoRank,NoRank,NoRank,NoRank,60,20,30,35,15,15,25,0x0,0x0,0x0,0x0,0x0,0x0,0x0,0x0,0x0,0x0,0x0
73 Enemy,0x267,0x0,0x73,0x41,0x00,0x0,0x00,0x0,0,0,0,0,0,0,0,0,0,NoRank,NoRank,NoRank,NoRank,NoRank,NoRank,NoRank,NoRank,60,20,30,35,15,15,25,0x0,0x0,0x0,0x0,0x0,0x0,0x0,0x0,0x0,0x0,0x0
74 Enemy,0x267,0x0,0x74,0x41,0x00,0x0,0x00,0x0,0,0,0,0,0,0,0,0,0,NoRank,NoRank,NoRank,NoRank,NoRank,NoRank,NoRank,NoRank,60,20,30,35,15,15,25,0x0,0x0,0x0,0x0,0x0,0x0,0x0,0x0,0x0,0x0,0x0
75 Enemy,0x267,0x0,0x75,0x41,0x00,0x0,0x00,0x0,0,0,0,0,0,0,0,0,0,NoRank,NoRank,NoRank,NoRank,NoRank,NoRank,NoRank,NoRank,60,20,30,35,15,15,25,0x0,0x0,0x0,0x0,0x0,0x0,0x0,0x0,0x0,0x0,0x0
76 Enemy,0x267,0x0,0x76,0x41,0x00,0x0,0x00,0x0,0,0,0,0,0,0,0,0,0,NoRank,NoRank,NoRank,NoRank,NoRank,NoRank,NoRank,NoRank,60,20,30,35,15,15,25,0x0,0x0,0x0,0x0,0x0,0x0,0x0,0x0,0x0,0x0,0x0
77 Enemy,0x267,0x0,0x77,0x41,0x00,0x0,0x00,0x0,0,0,0,0,0,0,0,0,0,NoRank,NoRank,NoRank,NoRank,NoRank,NoRank,NoRank,NoRank,60,20,30,35,15,15,25,0x0,0x0,0x0,0x0,0x0,0x0,0x0,0x0,0x0,0x0,0x0
78 Enemy,0x267,0x0,0x78,0x41,0x00,0x0,0x00,0x0,0,0,0,0,0,0,0,0,0,NoRank,NoRank,NoRank,NoRank,NoRank,NoRank,NoRank,NoRank,60,20,30,35,15,15,25,0x0,0x0,0x0,0x0,0x0,0x0,0x0,0x0,0x0,0x0,0x0
79 Enemy,0x267,0x0,0x79,0x41,0x00,0x0,0x00,0x0,0,0,0,0,0,0,0,0,0,NoRank,NoRank,NoRank,NoRank,NoRank,NoRank,NoRank,NoRank,60,20,30,35,15,15,25,0x0,0x0,0x0,0x0,0x0,0x0,0x0,0x0,0x0,0x0,0x0
7A Enemy,0x267,0x0,0x7a,0x41,0x00,0x0,0x00,0x0,0,0,0,0,0,0,0,0,0,NoRank,NoRank,NoRank,NoRank,NoRank,NoRank,NoRank,NoRank,60,20,30,35,15,15,25,0x0,0x0,0x0,0x0,0x0,0x0,0x0,0x0,0x0,0x0,0x0
7B Enemy,0x267,0x0,0x7b,0x41,0x00,0x0,0x00,0x0,0,0,0,0,0,0,0,0,0,NoRank,NoRank,NoRank,NoRank,NoRank,NoRank,NoRank,NoRank,60,20,30,35,15,15,25,0x0,0x0,0x0,0x0,0x0,0x0,0x0,0x0,0x0,0x0,0x0
7C Enemy,0x267,0x0,0x7c,0x41,0x00,0x0,0x00,0x0,0,0,0,0,0,0,0,0,0,NoRank,NoRank,NoRank,NoRank,NoRank,NoRank,NoRank,NoRank,60,20,30,35,15,15,25,0x0,0x0,0x0,0x0,0x0,0x0,0x0,0x0,0x0,0x0,0x0
7D Enemy,0x267,0x0,0x7d,0x41,0x00,0x0,0x00,0x0,0,0,0,0,0,0,0,0,0,NoRank,NoRank,NoRank,NoRank,NoRank,NoRank,NoRank,NoRank,60,20,30,35,15,15,25,0x0,0x0,0x0,0x0,0x0,0x0,0x0,0x0,0x0,0x0,0x0
7E Spectral,0x267,0x0,0x7e,0x13,0x00,0x0,0x00,0x0,1,0,0,0,0,0,0,2,0,NoRank,NoRank,NoRank,NoRank,NoRank,NoRank,NoRank,NoRank,60,20,30,35,15,15,25,0x0,0x0,0x0,0x0,0x0,0x0,0x0,0x0,0x0,0x0,0x0
7F Bandit,0x24d,0x2a9,0x7f,0x05,0x00,0x3,0x00,0x0,1,3,2,1,2,2,0,1,0,NoRank,NoRank,NoRank,NoRank,NoRank,NoRank,NoRank,NoRank,60,20,30,35,15,15,25,0x0,0x0,0x0,0x0,0x0,0x0,0x0,0x0,0x0,0x0,0x0
80 Bandit,BanditName,BanditDesc,0x80,0x3F,0x00,0x3,0x00,0x0,1,0,0,0,0,0,0,2,0,NoRank,NoRank,NoRank,NoRank,NoRank,NoRank,NoRank,NoRank,60,20,30,35,15,15,25,0x0,0x0,0x0,0x0,0x0,0x0,0x0,0x0,0x0,0x0,0x0
81 Bandit,0x24d,0x2a9,0x81,0x19,0x00,0x3,0x00,0x0,1,0,3,3,3,0,0,0,0,NoRank,NoRank,NoRank,NoRank,NoRank,NoRank,NoRank,NoRank,60,20,30,35,15,15,25,0x0,0x0,0x0,0x0,0x0,0x0,0x0,0x0,0x0,0x0,0x0
82 Bandit,0x24d,0x2a9,0x82,0x3F,0x00,0x3,0x00,0x0,1,2,0,-1,-3,3,0,0,0,NoRank,NoRank,NoRank,NoRank,NoRank,NoRank,NoRank,NoRank,60,20,30,35,15,15,25,0x0,0x0,0x0,0x0,0x0,0x0,0x0,0x0,0x0,0x0,0x0
83 Rebel,0x24d,0x2a9,0x83,0x4E,0x00,0x3,0x00,0x0,1,0,0,0,0,0,0,6,0,NoRank,NoRank,NoRank,NoRank,NoRank,NoRank,NoRank,NoRank,60,20,30,35,15,15,25,0x0,0x0,0x0,0x0,0x0,0x0,0x0,0x0,0x0,0x0,0x0
84 Shekhin,0x24d,0x2a9,0x84,0x09,0x00,0x3,0x00,0x0,1,0,0,0,0,0,0,5,0,NoRank,NoRank,NoRank,NoRank,NoRank,NoRank,NoRank,NoRank,60,20,30,35,15,15,25,0x0,0x0,0x0,0x0,0x0,0x0,0x0,0x0,0x0,0x0,0x0
85 Rebel,0x24d,0x2a9,0x85,0x05,0x00,0x3,0x00,0x0,1,0,5,5,5,0,0,6,0,NoRank,NoRank,NoRank,NoRank,NoRank,NoRank,NoRank,NoRank,60,20,30,35,15,15,25,0x0,0x0,0x0,0x0,0x0,0x0,0x0,0x0,0x0,0x0,0x0
86 Shekhin,0x24d,0x2a9,0x86,0x13,0x00,0x3,0x00,0x0,1,1,0,0,0,0,0,0,0,NoRank,NoRank,NoRank,NoRank,NoRank,NoRank,NoRank,NoRank,60,20,30,35,15,15,25,0x0,0x0,0x0,0x0,0x0,0x0,0x0,0x0,0x0,0x0,0x0
87 Shekhin,0x24d,0x2a9,0x87,0x0F,0x00,0x3,0x00,0x0,1,0,0,1,0,0,0,0,0,NoRank,NoRank,NoRank,NoRank,NoRank,NoRank,NoRank,NoRank,60,20,30,35,15,15,25,0x0,0x0,0x0,0x0,0x0,0x0,0x0,0x0,0x0,0x0,0x0
88 Bandit,0x24d,0x2a9,0x88,0x0D,0x00,0x3,0x00,0x0,1,0,0,0,0,0,0,0,0,NoRank,NoRank,NoRank,NoRank,NoRank,NoRank,NoRank,NoRank,60,20,30,35,15,15,25,0x0,0x0,0x0,0x0,0x0,0x0,0x0,0x0,0x0,0x0,0x0
89 Bandit,0x24d,0x2a9,0x89,0x25,0x00,0x3,0x00,0x0,1,0,0,0,0,0,0,0,0,NoRank,NoRank,NoRank,NoRank,NoRank,NoRank,NoRank,NoRank,60,20,30,35,15,15,25,0x0,0x0,0x0,0x0,0x0,0x0,0x0,0x0,0x0,0x0,0x0
8A Bandit,0x24d,0x2a9,0x8a,0x44,0x00,0x3,0x00,0x0,1,0,0,0,0,0,0,0,0,NoRank,NoRank,NoRank,NoRank,NoRank,NoRank,NoRank,NoRank,60,20,30,35,15,15,25,0x0,0x0,0x0,0x0,0x0,0x0,0x0,0x0,0x0,0x0,0x0
8B Bandit,0x24d,0x2a9,0x8b,0x2D,0x00,0x3,0x00,0x0,1,0,0,0,0,0,0,0,0,NoRank,NoRank,NoRank,NoRank,NoRank,NoRank,NoRank,NoRank,60,20,30,35,15,15,25,0x0,0x0,0x0,0x0,0x0,0x0,0x0,0x0,0x0,0x0,0x0
8C Bandit,0x24d,0x2a9,0x8c,0x4B,0x00,0x3,0x00,0x0,1,0,0,0,0,0,0,0,0,NoRank,NoRank,NoRank,NoRank,NoRank,NoRank,NoRank,NoRank,60,20,30,35,15,15,25,0x0,0x0,0x0,0x0,0x0,IsFemale,0x0,0x0,0x0,0x0,0x0
8D Remnant,0x24e,0x2aa,0x8d,0x09,0x00,0x3,0x00,0x0,1,0,0,0,0,0,0,0,0,NoRank,NoRank,NoRank,NoRank,NoRank,NoRank,NoRank,NoRank,60,20,30,35,15,15,25,0x0,0x0,0x0,0x0,0x0,0x0,0x0,0x0,0x0,0x0,0x0
8E Bernazio,0x254,0x2ae,0x8e,0x41,0x00,0x6,0x00,0x0,1,0,0,0,0,0,0,4,0,NoRank,NoRank,NoRank,NoRank,NoRank,NoRank,NoRank,NoRank,60,20,30,35,15,15,25,0x0,0x0,0x0,0x0,0x0,0x0,0x0,0x0,0x0,0x0,0x0
8F Remnant,0x24e,0x2aa,0x8f,0x05,0x00,0x3,0x00,0x0,1,0,0,0,0,0,0,0,0,NoRank,NoRank,NoRank,NoRank,NoRank,NoRank,NoRank,NoRank,60,20,30,35,15,15,25,0x0,0x0,0x0,0x0,0x0,0x0,0x0,0x0,0x0,0x0,0x0
90 Remnant,0x24e,0x2aa,0x90,0x2D,0x00,0x3,0x00,0x0,1,0,0,0,0,0,0,0,0,NoRank,NoRank,NoRank,NoRank,NoRank,NoRank,NoRank,NoRank,60,20,30,35,15,15,25,0x0,0x0,0x0,0x0,0x0,0x0,0x0,0x0,0x0,0x0,0x0
91 Remnant,0x24e,0x2aa,0x91,0x25,0x00,0x3,0x00,0x0,1,0,0,0,0,0,0,0,0,NoRank,NoRank,NoRank,NoRank,NoRank,NoRank,NoRank,NoRank,60,20,30,35,15,15,25,0x0,0x0,0x0,0x0,0x0,0x0,0x0,0x0,0x0,0x0,0x0
92 Enemy,0x267,0x0,0x92,0x41,0x00,0x3,0x00,0x0,0,0,0,0,0,0,0,0,0,NoRank,NoRank,NoRank,NoRank,NoRank,NoRank,NoRank,NoRank,0,0,0,0,0,0,0,0x0,0x0,0x0,0x0,0x0,0x0,0x0,0x0,0x0,0x0,0x0
93 Enemy,0x267,0x0,0x93,0x41,0x00,0x3,0x00,0x0,0,0,0,0,0,0,0,0,0,NoRank,NoRank,NoRank,NoRank,NoRank,NoRank,NoRank,NoRank,0,0,0,0,0,0,0,0x0,0x0,0x0,0x0,0x0,0x0,0x0,0x0,0x0,0x0,0x0
94 Enemy,0x267,0x0,0x94,0x41,0x00,0x3,0x00,0x0,0,0,0,0,0,0,0,0,0,NoRank,NoRank,NoRank,NoRank,NoRank,NoRank,NoRank,NoRank,0,0,0,0,0,0,0,0x0,0x0,0x0,0x0,0x0,0x0,0x0,0x0,0x0,0x0,0x0
95 Enemy,0x267,0x0,0x95,0x41,0x00,0x3,0x00,0x0,0,0,0,0,0,0,0,0,0,NoRank,NoRank,NoRank,NoRank,NoRank,NoRank,NoRank,NoRank,0,0,0,0,0,0,0,0x0,0x0,0x0,0x0,0x0,0x0,0x0,0x0,0x0,0x0,0x0
96 Enemy,0x267,0x0,0x96,0x41,0x00,0x3,0x00,0x0,0,0,0,0,0,0,0,0,0,NoRank,NoRank,NoRank,NoRank,NoRank,NoRank,NoRank,NoRank,0,0,0,0,0,0,0,0x0,0x0,0x0,0x0,0x0,0x0,0x0,0x0,0x0,0x0,0x0
97 Enemy,0x267,0x0,0x97,0x41,0x00,0x3,0x00,0x0,0,0,0,0,0,0,0,0,0,NoRank,NoRank,NoRank,NoRank,NoRank,NoRank,NoRank,NoRank,0,0,0,0,0,0,0,0x0,0x0,0x0,0x0,0x0,0x0,0x0,0x0,0x0,0x0,0x0
98 Enemy,0x267,0x0,0x98,0x41,0x00,0x3,0x00,0x0,0,0,0,0,0,0,0,0,0,NoRank,NoRank,NoRank,NoRank,NoRank,NoRank,NoRank,NoRank,0,0,0,0,0,0,0,0x0,0x0,0x0,0x0,0x0,0x0,0x0,0x0,0x0,0x0,0x0
99 Enemy,0x267,0x0,0x99,0x41,0x00,0x3,0x00,0x0,0,0,0,0,0,0,0,0,0,NoRank,NoRank,NoRank,NoRank,NoRank,NoRank,NoRank,NoRank,0,0,0,0,0,0,0,0x0,0x0,0x0,0x0,0x0,0x0,0x0,0x0,0x0,0x0,0x0
9A Enemy,0x267,0x0,0x9a,0x41,0x00,0x3,0x00,0x0,0,0,0,0,0,0,0,0,0,NoRank,NoRank,NoRank,NoRank,NoRank,NoRank,NoRank,NoRank,0,0,0,0,0,0,0,0x0,0x0,0x0,0x0,0x0,0x0,0x0,0x0,0x0,0x0,0x0
9B Enemy,0x267,0x0,0x9b,0x41,0x00,0x3,0x00,0x0,0,0,0,0,0,0,0,0,0,NoRank,NoRank,NoRank,NoRank,NoRank,NoRank,NoRank,NoRank,0,0,0,0,0,0,0,0x0,0x0,0x0,0x0,0x0,0x0,0x0,0x0,0x0,0x0,0x0
9C Enemy,0x267,0x0,0x9c,0x41,0x00,0x3,0x00,0x0,0,0,0,0,0,0,0,0,0,NoRank,NoRank,NoRank,NoRank,NoRank,NoRank,NoRank,NoRank,0,0,0,0,0,0,0,0x0,0x0,0x0,0x0,0x0,0x0,0x0,0x0,0x0,0x0,0x0
9D Enemy,0x267,0x0,0x9d,0x41,0x00,0x3,0x00,0x0,0,0,0,0,0,0,0,0,0,NoRank,NoRank,NoRank,NoRank,NoRank,NoRank,NoRank,NoRank,0,0,0,0,0,0,0,0x0,0x0,0x0,0x0,0x0,0x0,0x0,0x0,0x0,0x0,0x0
9E Enemy,0x267,0x0,0x9e,0x41,0x00,0x3,0x00,0x0,0,0,0,0,0,0,0,0,0,NoRank,NoRank,NoRank,NoRank,NoRank,NoRank,NoRank,NoRank,0,0,0,0,0,0,0,0x0,0x0,0x0,0x0,0x0,0x0,0x0,0x0,0x0,0x0,0x0
9F Enemy,0x267,0x0,0x9f,0x41,0x00,0x3,0x00,0x0,0,0,0,0,0,0,0,0,0,NoRank,NoRank,NoRank,NoRank,NoRank,NoRank,NoRank,NoRank,0,0,0,0,0,0,0,0x0,0x0,0x0,0x0,0x0,0x0,0x0,0x0,0x0,0x0,0x0
A0 Enemy,0x267,0x0,0xa0,0x41,0x00,0x3,0x00,0x0,0,0,0,0,0,0,0,0,0,NoRank,NoRank,NoRank,NoRank,NoRank,NoRank,NoRank,NoRank,0,0,0,0,0,0,0,0x0,0x0,0x0,0x0,0x0,0x0,0x0,0x0,0x0,0x0,0x0
A1 Enemy,0x267,0x0,0xa1,0x41,0x00,0x3,0x00,0x0,0,0,0,0,0,0,0,0,0,NoRank,NoRank,NoRank,NoRank,NoRank,NoRank,NoRank,NoRank,0,0,0,0,0,0,0,0x0,0x0,0x0,0x0,0x0,0x0,0x0,0x0,0x0,0x0,0x0
A2 Enemy,0x267,0x0,0xa2,0x41,0x00,0x3,0x00,0x0,0,0,0,0,0,0,0,0,0,NoRank,NoRank,NoRank,NoRank,NoRank,NoRank,NoRank,NoRank,0,0,0,0,0,0,0,0x0,0x0,0x0,0x0,0x0,0x0,0x0,0x0,0x0,0x0,0x0
A3 Enemy,0x267,0x0,0xa3,0x41,0x00,0x3,0x00,0x0,0,0,0,0,0,0,0,0,0,NoRank,NoRank,NoRank,NoRank,NoRank,NoRank,NoRank,NoRank,0,0,0,0,0,0,0,0x0,0x0,0x0,0x0,0x0,0x0,0x0,0x0,0x0,0x0,0x0
A4 Enemy,0x267,0x0,0xa4,0x41,0x00,0x3,0x00,0x0,0,0,0,0,0,0,0,0,0,NoRank,NoRank,NoRank,NoRank,NoRank,NoRank,NoRank,NoRank,0,0,0,0,0,0,0,0x0,0x0,0x0,0x0,0x0,0x0,0x0,0x0,0x0,0x0,0x0
A5 Enemy,0x267,0x0,0xa5,0x41,0x00,0x3,0x00,0x0,0,0,0,0,0,0,0,0,0,NoRank,NoRank,NoRank,NoRank,NoRank,NoRank,NoRank,NoRank,0,0,0,0,0,0,0,0x0,0x0,0x0,0x0,0x0,0x0,0x0,0x0,0x0,0x0,0x0
A6 Enemy,0x267,0x0,0xa6,0x41,0x00,0x3,0x00,0x0,0,0,0,0,0,0,0,0,0,NoRank,NoRank,NoRank,NoRank,NoRank,NoRank,NoRank,NoRank,0,0,0,0,0,0,0,0x0,0x0,0x0,0x0,0x0,0x0,0x0,0x0,0x0,0x0,0x0
A7 Mercenary,0x253,0x2ab,0xa7,0x0F,0x00,0x6,0x00,0x0,1,0,0,0,0,0,0,0,0,NoRank,NoRank,NoRank,NoRank,NoRank,NoRank,NoRank,NoRank,60,20,30,35,15,15,25,0x0,0x0,0x0,0x0,0x0,0x0,0x0,0x0,0x0,0x0,0x0
A8 Serini,0x251,0x2af,0xa8,0x0F,0x00,0x6,0x00,0x0,1,0,0,0,0,0,0,0,0,NoRank,NoRank,NoRank,NoRank,NoRank,NoRank,NoRank,NoRank,60,20,30,35,15,15,25,0x0,0x0,0x0,0x0,0x0,0x0,0x0,0x0,0x0,0x0,0x0
A9 Remnant,0x252,0x2b0,0xa9,0x0F,0x00,0x6,0x00,0x0,1,0,0,0,0,0,0,0,0,NoRank,NoRank,NoRank,NoRank,NoRank,NoRank,NoRank,NoRank,60,20,30,35,15,15,25,0x0,0x0,0x0,0x0,0x0,0x0,0x0,0x0,0x0,0x0,0x0
AA Monster,0x255,0x2b1,0xaa,0x52,0x00,0x4,0x05,0x0,1,0,0,0,0,0,0,0,0,NoRank,NoRank,NoRank,NoRank,NoRank,NoRank,NoRank,NoRank,60,20,30,35,15,15,25,0x0,0x0,0x0,0x0,0x0,0x0,0x0,0x0,0x0,0x0,0x0
AB Monster,0x255,0x2b1,0xab,0x53,0x00,0x4,0x05,0x0,1,0,0,0,0,0,0,0,0,NoRank,NoRank,NoRank,NoRank,NoRank,NoRank,NoRank,NoRank,60,20,30,35,15,15,25,0x0,0x0,0x0,0x0,0x0,0x0,0x0,0x0,0x0,0x0,0x0
AC Monster,0x255,0x2b1,0xac,0x54,0x00,0x4,0x05,0x0,1,0,0,0,0,0,0,0,0,NoRank,NoRank,NoRank,NoRank,NoRank,NoRank,NoRank,NoRank,60,20,30,35,15,15,25,0x0,0x0,0x0,0x0,0x0,0x0,0x0,0x0,0x0,0x0,0x0
AD Monster,0x255,0x2b1,0xad,0x55,0x00,0x4,0x05,0x0,1,0,0,0,0,0,0,0,0,NoRank,NoRank,NoRank,NoRank,NoRank,NoRank,NoRank,NoRank,60,20,30,35,15,15,25,0x0,0x0,0x0,0x0,0x0,0x0,0x0,0x0,0x0,0x0,0x0
AE Monster,0x255,0x2b1,0xae,0x56,0x00,0x4,0x05,0x0,1,0,0,0,0,0,0,0,0,NoRank,NoRank,NoRank,NoRank,NoRank,NoRank,NoRank,NoRank,60,20,30,35,15,15,25,0x0,0x0,0x0,0x0,0x0,0x0,0x0,0x0,0x0,0x0,0x0
AF Monster,0x255,0x2b1,0xaf,0x57,0x00,0x4,0x05,0x0,1,0,0,0,0,0,0,0,0,NoRank,NoRank,NoRank,NoRank,NoRank,NoRank,NoRank,NoRank,60,20,30,35,15,15,25,0x0,0x0,0x0,0x0,0x0,0x0,0x0,0x0,0x0,0x0,0x0
B0 Zoey,0x255,0x2b1,0xb0,0x1C,0x04,0x4,0x06,0x0,1,7,1,10,7,0,6,15,1,NoRank,NoRank,NoRank,ARank,NoRank,NoRank,NoRank,NoRank,65,35,60,40,10,50,35,0x0,0x0,0x0,0x0,0x0,0x0,0x0,0x0,0x0,0x0,0x0
B1 Theo,0x255,0x2b1,0xb1,0x3F,0x05,0x4,0x02,0x0,3,8,5,6,3,3,1,6,3,NoRank,NoRank,DRank,NoRank,NoRank,NoRank,NoRank,NoRank,90,40,50,25,25,10,30,0x0,0x0,0x0,0x0,0x0,0x0,0x0,0x0,0x0,0x0,0x0
B2 Tyn,0x255,0x2b1,0xb2,0x05,0x06,0x4,0x04,0x0,2,8,3,3,4,-1,0,8,-1,NoRank,DRank,NoRank,NoRank,NoRank,NoRank,NoRank,NoRank,70,30,35,40,20,20,40,0x0,0x0,0x0,0x0,0x0,0x0,0x0,0x0,0x0,0x0,0x0
B3 Monster,0x255,0x2b1,0xb3,0x5B,0x00,0x4,0x05,0x0,1,0,0,0,0,0,0,0,0,NoRank,NoRank,NoRank,NoRank,NoRank,NoRank,NoRank,NoRank,60,20,30,35,15,15,25,0x0,0x0,0x0,0x0,0x0,0x0,0x0,0x0,0x0,0x0,0x0
B4 Monster,0x255,0x2b1,0xb4,0x5C,0x00,0x4,0x05,0x0,1,0,0,0,0,0,0,0,0,NoRank,NoRank,NoRank,NoRank,NoRank,NoRank,NoRank,NoRank,60,20,30,35,15,15,25,0x0,0x0,0x0,0x0,0x0,0x0,0x0,0x0,0x0,0x0,0x0
B5 Monster,0x255,0x2b1,0xb5,0x5D,0x00,0x4,0x05,0x0,1,0,0,0,0,0,0,0,0,NoRank,NoRank,NoRank,NoRank,NoRank,NoRank,NoRank,NoRank,60,20,30,35,15,15,25,0x0,0x0,0x0,0x0,0x0,0x0,0x0,0x0,0x0,0x0,0x0
B6 Monster,0x255,0x2b1,0xb6,0x5E,0x00,0x4,0x05,0x0,1,0,0,0,0,0,0,0,0,NoRank,NoRank,NoRank,NoRank,NoRank,NoRank,NoRank,NoRank,60,20,30,35,15,15,25,0x0,0x0,0x0,0x0,0x0,0x0,0x0,0x0,0x0,0x0,0x0
B7 Monster,0x255,0x2b1,0xb7,0x5F,0x00,0x4,0x05,0x0,1,0,0,0,0,0,0,0,0,NoRank,NoRank,NoRank,NoRank,NoRank,NoRank,NoRank,NoRank,60,20,30,35,15,15,25,0x0,0x0,0x0,0x0,0x0,0x0,0x0,0x0,0x0,0x0,0x0
B8 Monster,0x255,0x2b1,0xb8,0x60,0x00,0x4,0x05,0x0,1,0,0,0,0,0,0,0,0,NoRank,NoRank,NoRank,NoRank,NoRank,NoRank,NoRank,NoRank,60,20,30,35,15,15,25,0x0,0x0,0x0,0x0,0x0,0x0,0x0,0x0,0x0,0x0,0x0
B9 Monster,0x255,0x2b1,0xb9,0x61,0x00,0x4,0x05,0x0,1,0,0,0,0,0,0,0,0,NoRank,NoRank,NoRank,NoRank,NoRank,NoRank,NoRank,NoRank,60,20,30,35,15,15,25,0x0,0x0,0x0,0x0,0x0,0x0,0x0,0x0,0x0,0x0,0x0
BA Monster,0x256,0x2b1,0xba,0x62,0x00,0x4,0x05,0x0,1,0,0,0,0,0,0,0,0,NoRank,NoRank,NoRank,NoRank,NoRank,NoRank,NoRank,NoRank,100,0,0,0,0,0,0,0x0,0x0,0x0,0x0,0x0,0x0,0x0,0x0,0x0,0x0,0x0
BB Monster,0x255,0x2b1,0xbb,0x63,0x00,0x4,0x05,0x0,1,0,0,0,0,0,0,0,0,NoRank,NoRank,NoRank,NoRank,NoRank,NoRank,NoRank,NoRank,60,20,30,35,15,15,25,0x0,0x0,0x0,0x0,0x0,0x0,0x0,0x0,0x0,0x0,0x0
BC Monster,0x255,0x2b1,0xbc,0x64,0x00,0x4,0x05,0x0,1,0,0,0,0,0,0,0,0,NoRank,NoRank,NoRank,NoRank,NoRank,NoRank,NoRank,NoRank,60,20,30,35,15,15,25,0x0,0x0,0x0,0x0,0x0,0x0,0x0,0x0,0x0,0x0,0x0
BD Monster,0x255,0x2b1,0xbd,0x65,0x00,0x1,0x05,0x0,1,0,0,0,0,0,0,0,0,NoRank,NoRank,NoRank,NoRank,NoRank,NoRank,NoRank,NoRank,60,20,30,35,15,15,25,0x0,0x0,0x0,0x0,0x0,0x0,0x0,0x0,0x0,0x0,0x0
BE Daemon Lord,0x25a,0x2b2,0xbe,0x66,0x00,0x4,0x05,0x0,20,0,0,0,0,0,0,10,0,NoRank,NoRank,NoRank,NoRank,NoRank,NoRank,NoRank,NoRank,60,20,30,35,15,15,25,0x0,0x0,0x0,0x0,0x0,IsBoss,0x0,0x0,0x0,0x0,0x0
BF Enemy,0x267,0x0,0xbf,0x41,0x00,0x0,0x00,0x0,1,0,0,0,0,0,0,0,0,NoRank,NoRank,NoRank,NoRank,NoRank,NoRank,NoRank,NoRank,0,0,0,0,0,0,0,0x0,0x0,0x0,0x0,0x0,0x0,0x0,0x0,0x0,0x0,0x0
C0 Frelian,0x262,0x2ba,0xc0,0x13,0x00,0x2,0x00,0x0,1,0,0,0,0,0,0,0,0,NoRank,NoRank,NoRank,NoRank,NoRank,NoRank,NoRank,NoRank,85,40,50,45,25,25,20,0x0,0x0,0x0,0x0,0x0,0x0,0x0,0x0,0x0,0x0,0x0
C1 Frelian,0x262,0x2ba,0xc1,0x05,0x00,0x2,0x00,0x0,1,0,0,0,0,0,0,0,0,NoRank,NoRank,NoRank,NoRank,NoRank,NoRank,NoRank,NoRank,85,40,50,45,25,25,20,0x0,0x0,0x0,0x0,0x0,0x0,0x0,0x0,0x0,0x0,0x0
C2 Enemy,0x267,0x0,0xc2,0x41,0x00,0x0,0x00,0x0,1,0,0,0,0,0,0,0,0,NoRank,NoRank,NoRank,NoRank,NoRank,NoRank,NoRank,NoRank,0,0,0,0,0,0,0,0x0,0x0,0x0,0x0,0x0,0x0,0x0,0x0,0x0,0x0,0x0
C3 Enemy,0x267,0x0,0xc3,0x41,0x00,0x0,0x00,0x0,1,0,0,0,0,0,0,0,0,NoRank,NoRank,NoRank,NoRank,NoRank,NoRank,NoRank,NoRank,0,0,0,0,0,0,0,0x0,0x0,0x0,0x0,0x0,0x0,0x0,0x0,0x0,0x0,0x0
C4 Enemy,0x267,0x0,0xc4,0x41,0x00,0x0,0x00,0x0,1,0,0,0,0,0,0,0,0,NoRank,NoRank,NoRank,NoRank,NoRank,NoRank,NoRank,NoRank,0,0,0,0,0,0,0,0x0,0x0,0x0,0x0,0x0,0x0,0x0,0x0,0x0,0x0,0x0
C5 Fado,0x25b,0x2b3,0xc5,0x27,0x51,0x0,0x01,0x0,5,13,8,6,8,2,12,10,3,NoRank,NoRank,NoRank,NoRank,NoRank,NoRank,NoRank,NoRank,85,40,50,45,25,25,20,0x0,0x0,0x0,0x0,0x0,0x0,0x0,0x0,0x0,0x0,0x0
C6 Enemy,0x267,0x0,0xc6,0x41,0x00,0x0,0x00,0x0,1,0,0,0,0,0,0,0,0,NoRank,NoRank,NoRank,NoRank,NoRank,NoRank,NoRank,NoRank,0,0,0,0,0,0,0,0x0,0x0,0x0,0x0,0x0,0x0,0x0,0x0,0x0,0x0,0x0
C7 Kedge,0x25c,0x2b4,0xc7,0x73,0x52,0x0,0x07,0x0,1,0,0,0,0,0,0,0,1,NoRank,NoRank,NoRank,NoRank,NoRank,NoRank,NoRank,NoRank,85,40,50,45,25,25,20,0x0,0x0,0x0,0x0,0x0,0x0,0x0,0x0,0x0,0x0,0x0
C8 Mansel,0x25e,0x2b5,0xc8,0x7A,0x53,0x0,0x06,0x0,17,11,11,3,2,5,8,17,0,NoRank,NoRank,NoRank,NoRank,NoRank,NoRank,NoRank,NoRank,85,40,50,45,25,25,20,0x0,0x0,0x0,0x0,0x0,0x0,0x0,0x0,0x0,0x0,0x0
C9 Juvenal,0x25d,0x2b6,0xc9,0x2B,0x54,0x0,0x07,0x0,1,0,0,0,0,0,0,0,0,NoRank,NoRank,NoRank,NoRank,NoRank,NoRank,NoRank,NoRank,85,40,50,45,25,25,20,0x0,0x0,0x0,0x0,0x0,0x0,0x0,0x0,0x0,0x0,0x0
CA Meadow,0x25f,0x2b7,0xca,0x2F,0x55,0x0,0x05,0x0,1,0,0,0,0,0,0,0,0,NoRank,NoRank,NoRank,NoRank,NoRank,NoRank,NoRank,NoRank,85,40,50,45,25,25,20,0x0,0x0,0x0,0x0,0x0,0x0,0x0,0x0,0x0,0x0,0x0
CB Ismaire,0x260,0x2b8,0xcb,0x74,0x56,0x0,0x03,0x0,4,14,10,9,11,4,12,12,0,ARank,NoRank,NoRank,NoRank,NoRank,NoRank,NoRank,NoRank,75,30,60,55,20,25,30,0x0,0x0,0x0,0x0,0x0,IsFemale,0x0,0x0,0x0,0x0,0x0
CC Rena,0x261,0x2b9,0xcc,0x02,0x0B,0x0,0x05,0x0,1,0,0,0,0,0,0,5,0,ERank,NoRank,NoRank,NoRank,NoRank,NoRank,NoRank,NoRank,85,40,50,45,25,25,20,0x0,0x0,0x0,0x0,0x0,IsFemale,0x0,0x0,0x0,0x0,0x0
CD Rena,0x263,0x2bb,0xcd,0x9A,0x0B,0x2,0x05,0x0,10,14,7,5,7,4,14,5,0,CRank,NoRank,NoRank,NoRank,NoRank,NoRank,NoRank,NoRank,85,40,50,45,25,25,20,0x0,0x0,0x0,0x0,0x0,0x0,0x0,0x0,0x0,0x0,0x0
CE Rausten,0x263,0x2bb,0xce,0x09,0x00,0x2,0x00,0x0,1,0,0,0,0,0,0,0,0,NoRank,NoRank,NoRank,NoRank,NoRank,NoRank,NoRank,NoRank,85,40,50,45,25,25,20,0x0,0x0,0x0,0x0,0x0,0x0,0x0,0x0,0x0,0x0,0x0
CF Refugees,0x267,0x0,0xcf,0x83,0x00,0x0,0x00,0x0,0,2,0,0,2,1,0,0,0,NoRank,NoRank,NoRank,NoRank,NoRank,NoRank,NoRank,NoRank,0,0,0,0,0,0,0,0x0,0x0,0x0,0x0,0x0,0x0,0x0,0x0,0x0,0x0,0x0
D0 Enemy,0x267,0x0,0xd0,0x41,0x00,0x0,0x00,0x0,0,0,0,0,0,0,0,0,0,NoRank,NoRank,NoRank,NoRank,NoRank,NoRank,NoRank,NoRank,0,0,0,0,0,0,0,0x0,0x0,0x0,0x0,0x0,0x0,0x0,0x0,0x0,0x0,0x0
D1 Enemy,0x267,0x0,0xd1,0x41,0x00,0x0,0x00,0x0,0,0,0,0,0,0,0,0,0,NoRank,NoRank,NoRank,NoRank,NoRank,NoRank,NoRank,NoRank,0,0,0,0,0,0,0,0x0,0x0,0x0,0x0,0x0,0x0,0x0,0x0,0x0,0x0,0x0
D2 Enemy,0x267,0x0,0xd2,0x41,0x00,0x0,0x00,0x0,0,0,0,0,0,0,0,0,0,NoRank,NoRank,NoRank,NoRank,NoRank,NoRank,NoRank,NoRank,0,0,0,0,0,0,0,0x0,0x0,0x0,0x0,0x0,0x0,0x0,0x0,0x0,0x0,0x0
D3 Enemy,0x267,0x0,0xd3,0x41,0x00,0x0,0x00,0x0,0,0,0,0,0,0,0,0,0,NoRank,NoRank,NoRank,NoRank,NoRank,NoRank,NoRank,NoRank,0,0,0,0,0,0,0,0x0,0x0,0x0,0x0,0x0,0x0,0x0,0x0,0x0,0x0,0x0
D4 Enemy,0x267,0x0,0xd4,0x41,0x00,0x0,0x00,0x0,0,0,0,0,0,0,0,0,0,NoRank,NoRank,NoRank,NoRank,NoRank,NoRank,NoRank,NoRank,0,0,0,0,0,0,0,0x0,0x0,0x0,0x0,0x0,0x0,0x0,0x0,0x0,0x0,0x0
D5 Enemy,0x267,0x0,0xd5,0x41,0x00,0x0,0x00,0x0,0,0,0,0,0,0,0,0,0,NoRank,NoRank,NoRank,NoRank,NoRank,NoRank,NoRank,NoRank,0,0,0,0,0,0,0,0x0,0x0,0x0,0x0,0x0,0x0,0x0,0x0,0x0,0x0,0x0
D6 Enemy,0x267,0x0,0xd6,0x41,0x00,0x0,0x00,0x0,0,0,0,0,0,0,0,0,0,NoRank,NoRank,NoRank,NoRank,NoRank,NoRank,NoRank,NoRank,0,0,0,0,0,0,0,0x0,0x0,0x0,0x0,0x0,0x0,0x0,0x0,0x0,0x0,0x0
D7 Enemy,0x267,0x0,0xd7,0x41,0x00,0x0,0x00,0x0,0,0,0,0,0,0,0,0,0,NoRank,NoRank,NoRank,NoRank,NoRank,NoRank,NoRank,NoRank,0,0,0,0,0,0,0,0x0,0x0,0x0,0x0,0x0,0x0,0x0,0x0,0x0,0x0,0x0
D8 Enemy,0x267,0x0,0xd8,0x41,0x00,0x0,0x00,0x0,0,0,0,0,0,0,0,0,0,NoRank,NoRank,NoRank,NoRank,NoRank,NoRank,NoRank,NoRank,0,0,0,0,0,0,0,0x0,0x0,0x0,0x0,0x0,0x0,0x0,0x0,0x0,0x0,0x0
D9 Enemy,0x267,0x0,0xd9,0x41,0x00,0x0,0x00,0x0,0,0,0,0,0,0,0,0,0,NoRank,NoRank,NoRank,NoRank,NoRank,NoRank,NoRank,NoRank,0,0,0,0,0,0,0,0x0,0x0,0x0,0x0,0x0,0x0,0x0,0x0,0x0,0x0,0x0
DA Enemy,0x267,0x0,0xda,0x41,0x00,0x0,0x00,0x0,0,0,0,0,0,0,0,0,0,NoRank,NoRank,NoRank,NoRank,NoRank,NoRank,NoRank,NoRank,0,0,0,0,0,0,0,0x0,0x0,0x0,0x0,0x0,0x0,0x0,0x0,0x0,0x0,0x0
DB Enemy,0x267,0x0,0xdb,0x41,0x00,0x0,0x00,0x0,0,0,0,0,0,0,0,0,0,NoRank,NoRank,NoRank,NoRank,NoRank,NoRank,NoRank,NoRank,0,0,0,0,0,0,0,0x0,0x0,0x0,0x0,0x0,0x0,0x0,0x0,0x0,0x0,0x0
DC Enemy,0x267,0x0,0xdc,0x41,0x00,0x0,0x00,0x0,0,0,0,0,0,0,0,0,0,NoRank,NoRank,NoRank,NoRank,NoRank,NoRank,NoRank,NoRank,0,0,0,0,0,0,0,0x0,0x0,0x0,0x0,0x0,0x0,0x0,0x0,0x0,0x0,0x0
DD Enemy,0x267,0x0,0xdd,0x41,0x00,0x0,0x00,0x0,0,0,0,0,0,0,0,0,0,NoRank,NoRank,NoRank,NoRank,NoRank,NoRank,NoRank,NoRank,0,0,0,0,0,0,0,0x0,0x0,0x0,0x0,0x0,0x0,0x0,0x0,0x0,0x0,0x0
DE Enemy,0x267,0x0,0xde,0x41,0x00,0x0,0x00,0x0,0,0,0,0,0,0,0,0,0,NoRank,NoRank,NoRank,NoRank,NoRank,NoRank,NoRank,NoRank,0,0,0,0,0,0,0,0x0,0x0,0x0,0x0,0x0,0x0,0x0,0x0,0x0,0x0,0x0
DF Enemy,0x267,0x0,0xdf,0x41,0x00,0x0,0x00,0x0,0,0,0,0,0,0,0,0,0,NoRank,NoRank,NoRank,NoRank,NoRank,NoRank,NoRank,NoRank,0,0,0,0,0,0,0,0x0,0x0,0x0,0x0,0x0,0x0,0x0,0x0,0x0,0x0,0x0
E0 Enemy,0x267,0x0,0xe0,0x41,0x00,0x0,0x00,0x0,0,0,0,0,0,0,0,0,0,NoRank,NoRank,NoRank,NoRank,NoRank,NoRank,NoRank,NoRank,0,0,0,0,0,0,0,0x0,0x0,0x0,0x0,0x0,0x0,0x0,0x0,0x0,0x0,0x0
E1 Enemy,0x267,0x0,0xe1,0x41,0x00,0x0,0x00,0x0,0,0,0,0,0,0,0,0,0,NoRank,NoRank,NoRank,NoRank,NoRank,NoRank,NoRank,NoRank,0,0,0,0,0,0,0,0x0,0x0,0x0,0x0,0x0,0x0,0x0,0x0,0x0,0x0,0x0
E2 Enemy,0x267,0x0,0xe2,0x41,0x00,0x0,0x00,0x0,0,0,0,0,0,0,0,0,0,NoRank,NoRank,NoRank,NoRank,NoRank,NoRank,NoRank,NoRank,0,0,0,0,0,0,0,0x0,0x0,0x0,0x0,0x0,0x0,0x0,0x0,0x0,0x0,0x0
E3 Enemy,0x267,0x0,0xe3,0x41,0x00,0x0,0x00,0x0,0,0,0,0,0,0,0,0,0,NoRank,NoRank,NoRank,NoRank,NoRank,NoRank,NoRank,NoRank,0,0,0,0,0,0,0,0x0,0x0,0x0,0x0,0x0,0x0,0x0,0x0,0x0,0x0,0x0
E4 Enemy,0x267,0x0,0xe4,0x41,0x00,0x0,0x00,0x0,0,0,0,0,0,0,0,0,0,NoRank,NoRank,NoRank,NoRank,NoRank,NoRank,NoRank,NoRank,0,0,0,0,0,0,0,0x0,0x0,0x0,0x0,0x0,0x0,0x0,0x0,0x0,0x0,0x0
E5 Enemy,0x267,0x0,0xe5,0x41,0x00,0x0,0x00,0x0,0,0,0,0,0,0,0,0,0,NoRank,NoRank,NoRank,NoRank,NoRank,NoRank,NoRank,NoRank,0,0,0,0,0,0,0,0x0,0x0,0x0,0x0,0x0,0x0,0x0,0x0,0x0,0x0,0x0
E6 Enemy,0x267,0x0,0xe6,0x41,0x00,0x0,0x00,0x0,0,0,0,0,0,0,0,0,0,NoRank,NoRank,NoRank,NoRank,NoRank,NoRank,NoRank,NoRank,0,0,0,0,0,0,0,0x0,0x0,0x0,0x0,0x0,0x0,0x0,0x0,0x0,0x0,0x0
E7 Enemy,0x267,0x0,0xe7,0x41,0x00,0x0,0x00,0x0,0,0,0,0,0,0,0,0,0,NoRank,NoRank,NoRank,NoRank,NoRank,NoRank,NoRank,NoRank,0,0,0,0,0,0,0,0x0,0x0,0x0,0x0,0x0,0x0,0x0,0x0,0x0,0x0,0x0
E8 Enemy,0x267,0x0,0xe8,0x41,0x00,0x0,0x00,0x0,0,0,0,0,0,0,0,0,0,NoRank,NoRank,NoRank,NoRank,NoRank,NoRank,NoRank,NoRank,0,0,0,0,0,0,0,0x0,0x0,0x0,0x0,0x0,0x0,0x0,0x0,0x0,0x0,0x0
E9 Enemy,0x267,0x0,0xe9,0x41,0x00,0x0,0x00,0x0,0,0,0,0,0,0,0,0,0,NoRank,NoRank,NoRank,NoRank,NoRank,NoRank,NoRank,NoRank,0,0,0,0,0,0,0,0x0,0x0,0x0,0x0,0x0,0x0,0x0,0x0,0x0,0x0,0x0
EA Enemy,0x267,0x0,0xea,0x41,0x00,0x0,0x00,0x0,0,0,0,0,0,0,0,0,0,NoRank,NoRank,NoRank,NoRank,NoRank,NoRank,NoRank,NoRank,0,0,0,0,0,0,0,0x0,0x0,0x0,0x0,0x0,0x0,0x0,0x0,0x0,0x0,0x0
EB Enemy,0x267,0x0,0xeb,0x41,0x00,0x0,0x00,0x0,0,0,0,0,0,0,0,0,0,NoRank,NoRank,NoRank,NoRank,NoRank,NoRank,NoRank,NoRank,0,0,0,0,0,0,0,0x0,0x0,0x0,0x0,0x0,0x0,0x0,0x0,0x0,0x0,0x0
EC Enemy,0x267,0x0,0xec,0x41,0x00,0x0,0x00,0x0,0,0,0,0,0,0,0,0,0,NoRank,NoRank,NoRank,NoRank,NoRank,NoRank,NoRank,NoRank,0,0,0,0,0,0,0,0x0,0x0,0x0,0x0,0x0,0x0,0x0,0x0,0x0,0x0,0x0
ED Enemy,0x267,0x0,0xed,0x41,0x00,0x0,0x00,0x0,0,0,0,0,0,0,0,0,0,NoRank,NoRank,NoRank,NoRank,NoRank,NoRank,NoRank,NoRank,0,0,0,0,0,0,0,0x0,0x0,0x0,0x0,0x0,0x0,0x0,0x0,0x0,0x0,0x0
EE Enemy,0x267,0x0,0xee,0x41,0x00,0x0,0x00,0x0,0,0,0,0,0,0,0,0,0,NoRank,NoRank,NoRank,NoRank,NoRank,NoRank,NoRank,NoRank,0,0,0,0,0,0,0,0x0,0x0,0x0,0x0,0x0,0x0,0x0,0x0,0x0,0x0,0x0
EF Enemy,0x267,0x0,0xef,0x41,0x00,0x0,0x00,0x0,0,0,0,0,0,0,0,0,0,NoRank,NoRank,NoRank,NoRank,NoRank,NoRank,NoRank,NoRank,0,0,0,0,0,0,0,0x0,0x0,0x0,0x0,0x0,0x0,0x0,0x0,0x0,0x0,0x0
F0 Enemy,0x267,0x0,0xf0,0x41,0x00,0x0,0x00,0x0,0,0,0,0,0,0,0,0,0,NoRank,NoRank,NoRank,NoRank,NoRank,NoRank,NoRank,NoRank,0,0,0,0,0,0,0,0x0,0x0,0x0,0x0,0x0,0x0,0x0,0x0,0x0,0x0,0x0
F1 Enemy,0x267,0x0,0xf1,0x41,0x00,0x0,0x00,0x0,0,0,0,0,0,0,0,0,0,NoRank,NoRank,NoRank,NoRank,NoRank,NoRank,NoRank,NoRank,0,0,0,0,0,0,0,0x0,0x0,0x0,0x0,0x0,0x0,0x0,0x0,0x0,0x0,0x0
F2 Enemy,0x267,0x0,0xf2,0x41,0x00,0x0,0x00,0x0,0,0,0,0,0,0,0,0,0,NoRank,NoRank,NoRank,NoRank,NoRank,NoRank,NoRank,NoRank,0,0,0,0,0,0,0,0x0,0x0,0x0,0x0,0x0,0x0,0x0,0x0,0x0,0x0,0x0
F3 Enemy,0x267,0x0,0xf3,0x41,0x00,0x0,0x00,0x0,0,0,0,0,0,0,0,0,0,NoRank,NoRank,NoRank,NoRank,NoRank,NoRank,NoRank,NoRank,0,0,0,0,0,0,0,0x0,0x0,0x0,0x0,0x0,0x0,0x0,0x0,0x0,0x0,0x0
F4 River Folk,0x266,0x2bd,0xf4,0x6D,0x00,0x5,0x00,0x0,1,0,0,0,0,2,0,0,0,NoRank,NoRank,NoRank,NoRank,NoRank,NoRank,NoRank,NoRank,85,25,60,10,15,15,25,0x0,0x0,0x0,0x0,0x0,0x0,0x0,0x0,0x0,0x0,0x0
F5 River Folk,0x266,0x2bd,0xf5,0x6E,0x00,0x5,0x00,0x0,1,0,0,0,0,2,0,0,0,NoRank,NoRank,NoRank,NoRank,NoRank,NoRank,NoRank,NoRank,85,25,60,10,15,15,25,0x0,0x0,0x0,0x0,0x0,IsFemale,0x0,0x0,0x0,0x0,0x0
F6 River Folk,0x266,0x2bd,0xf6,0x6F,0x00,0x5,0x00,0x0,1,0,0,0,0,2,0,0,0,NoRank,NoRank,NoRank,NoRank,NoRank,NoRank,NoRank,NoRank,85,25,60,10,15,15,25,0x0,0x0,0x0,0x0,0x0,0x0,0x0,0x0,0x0,0x0,0x0
F7 River Folk,0x266,0x2bd,0xf7,0x70,0x00,0x5,0x00,0x0,1,0,0,0,0,2,0,0,0,NoRank,NoRank,NoRank,NoRank,NoRank,NoRank,NoRank,NoRank,85,25,60,10,15,15,25,0x0,0x0,0x0,0x0,0x0,IsFemale,0x0,0x0,0x0,0x0,0x0
F8 River Folk,0x266,0x2bd,0xf8,0x6D,0x00,0x5,0x00,0x0,1,0,0,0,0,2,0,0,0,NoRank,NoRank,NoRank,NoRank,NoRank,NoRank,NoRank,NoRank,85,25,60,10,15,15,25,0x0,0x0,0x0,0x0,0x0,0x0,0x0,0x0,0x0,0x0,0x0
F9 Renais Cit.,0x265,0x2bc,0xf9,0x6E,0x00,0x5,0x00,0x0,1,0,0,0,0,2,0,0,0,NoRank,NoRank,NoRank,NoRank,NoRank,NoRank,NoRank,NoRank,85,25,60,10,15,15,25,0x0,0x0,0x0,0x0,0x0,IsFemale,0x0,0x0,0x0,0x0,0x0
FA Renais Cit.,0x265,0x2bc,0xfa,0x71,0x00,0x5,0x00,0x0,1,0,0,0,0,2,0,0,0,NoRank,NoRank,NoRank,NoRank,NoRank,NoRank,NoRank,NoRank,85,25,60,10,15,15,25,0x0,0x0,0x0,0x0,0x0,0x0,0x0,0x0,0x0,0x0,0x0
FB Renais Cit.,0x265,0x2bc,0xfb,0x72,0x00,0x5,0x00,0x0,1,0,0,0,0,2,0,0,0,NoRank,NoRank,NoRank,NoRank,NoRank,NoRank,NoRank,NoRank,85,25,60,10,15,15,25,0x0,0x0,0x0,0x0,0x0,IsFemale,0x0,0x0,0x0,0x0,0x0
FC Citizen,0x264,0x0,0xfc,0x71,0x00,0x5,0x00,0x0,1,0,0,0,0,2,0,0,0,NoRank,NoRank,NoRank,NoRank,NoRank,NoRank,NoRank,NoRank,85,25,60,10,15,15,25,0x0,0x0,0x0,0x0,0x0,0x0,0x0,0x3,0x0,0x0,0x0
FD Gladiator,0x267,0x0,0xfd,0x41,0x00,0x0,0x00,0x0,0,248,251,250,251,251,253,0,0,NoRank,NoRank,NoRank,NoRank,NoRank,NoRank,NoRank,NoRank,0,0,0,0,0,0,0,0x0,0x0,0x0,0x0,0x0,0x0,0x0,0x0,0x0,0x0,0x0
FE Wall,0x268,0x0,0xfe,0x41,0x00,0x0,0x00,0x0,0,0,0,0,0,0,0,0,0,NoRank,NoRank,NoRank,NoRank,NoRank,NoRank,NoRank,NoRank,0,0,0,0,0,0,0,0x0,0x0,0x0,0x0,0x0,0x0,0x0,0x0,0x0,0x0,0x0
FF Snag,0x269,0x0,0xff,0x41,0x00,0x0,0x00,0x0,0,0,0,0,0,0,0,0,0,NoRank,NoRank,NoRank,NoRank,NoRank,NoRank,NoRank,NoRank,0,0,0,0,0,0,0,0x0,0x0,0x0,0x0,0x0,0x0,0x0,0x0,0x0,0x0,0x0
