0x0168F2A4,Name,Description,ID,Menu Class,Standing Map Anims,Movement Speed,Generic Enemy Portrait,N/A,HP,Str,Skl,Spd,Def,Res,Con,Mov,HP Cap,Str Cap,Skl Cap,Spd Cap,Def Cap,Res Cap,Con Cap,Relative Power,HP Growth,Atk Growth,Skl Growth,Spd Growth,Def Growth,Res Growth,Luck Growth,HP Promo Gain,Atk Promo Gain,Skl Promo Gain,Spd Promo Gain,Def Promo Gain,Res Promo Gain,CharClassAbility,Sword,Lance,Axe,Bow,Staff,Anima,Light,Dark,Anims,Move Costs,Move Costs,Move Costs,Avo Bonus,Def Bonus,Res Bonus,Class Type
0,0x0,0x0,0x00,0x00,0x00,0x00,0x00,0x0,0,0,0,0,0,0,0,0,0,0,0,0,0,0,0,0x00,0,0,0,0,0,37,0,37,0,0,65,0,0,0x1000002,NoRank,NoRank,NoRank,NoRank,NoRank,NoRank,NoRank,NoRank,0x1F,0x00,0x00,0x00,0x00,0x00,0x00,0x0
01 Princess,0x2bf,0x309,0x01,0x03,0x00,0x00,0x8B,0x1,18,6,6,7,6,0,8,5,60,20,20,20,20,20,20,0x03,90,45,40,45,15,15,0,0,0,0,0,0,0,UnlockEphraim|IsLord,NoRank,DRank,NoRank,NoRank,NoRank,NoRank,NoRank,NoRank,0x2bf,DismountMovementCosts|IsPointer,DismountMovementCosts|IsPointer,DismountMovementCosts|IsPointer,0x80C479,0x80C4BA,0x80C4FB,0x0
02 Princess,PrincessName,PrincessOriginalDesc,0x02,0x04,0x01,0x00,0x8B,0x1,16,4,8,9,3,1,5,5,60,20,20,20,20,20,20,0x03,90,45,40,45,15,20,0,0,0,0,0,0,0,IsLord|SwordmasterUnlock|UnlockEirika,ERank,NoRank,NoRank,NoRank,NoRank,NoRank,NoRank,NoRank,PrincessAnims|IsPointer,PromotedInfantryMovementCosts|IsPointer,PromotedInfantryMovementCosts|IsPointer,PromotedInfantryMovementCosts|IsPointer,0x80C479,0x80C4BA,0x80C4FB,SwordType
03 Knight Lord,0x2c0,0x30b,0x03,0x01,0x02,0x00,0x8B,0x2,18,3,3,4,5,0,10,7,60,27,26,24,23,23,25,0x03,90,45,40,45,15,15,0,4,2,3,2,2,5,IsPromoted|UnlockEphraim|IsLord|MountedAid|HasCanto|HorseIcon,CRank,NoRank,NoRank,NoRank,NoRank,NoRank,NoRank,NoRank,0x2c0,PromotedCavalryMovementCosts|IsPointer,PromotedCavalryMovementCosts|IsPointer,PromotedCavalryMovementCosts|IsPointer,0x80C479,0x80C4BA,0x80C4FB,HorseType
04 Pegasus Lord,0x2c0,0x30c,0x04,0x02,0x03,0x00,0x8B,0x2,18,3,3,4,5,0,7,7,60,24,29,30,22,25,25,0x03,90,45,40,45,15,20,0,4,2,2,1,3,5,IsPromoted|UnlockEirika|IsLord|MountedAid|HasCanto|HorseIcon|SwordmasterUnlock,CRank,NoRank,NoRank,NoRank,NoRank,NoRank,NoRank,NoRank,0x2c0,PromotedCavalryMovementCosts|IsPointer,PromotedCavalryMovementCosts|IsPointer,PromotedCavalryMovementCosts|IsPointer,0x80C479,0x80C4BA,0x80C4FB,HorseType|SwordType
05 Lance Knight,LanceKnightName,LanceKnightDesc,0x05,0x07,0x04,0x00,0x80,0x20,20,5,4,4,4,2,10,7,60,20,20,20,20,20,25,0x03,65,40,35,40,15,5,0,0,0,0,0,0,0,MountedAid|HasCanto|HorseIcon,NoRank,ERank,NoRank,NoRank,NoRank,NoRank,NoRank,NoRank,LanceKnightAnims|IsPointer,CavalryMovementCosts|IsPointer,CavalryMovementCosts|IsPointer,CavalryMovementCosts|IsPointer,0x80C479,0x80C4BA,0x80C4FB,HorseType
06 Sword Knight,SwordKnightName,SwordKnightDesc,0x06,0x07,0x72,0x00,0x80,0x20,20,4,4,5,4,0,9,7,60,20,20,20,20,20,25,0x03,65,35,35,45,10,20,0,1,0,2,2,0,2,MountedAid|HasCanto|HorseIcon,ERank,NoRank,NoRank,NoRank,NoRank,NoRank,NoRank,NoRank,SwordKnightAnims|IsPointer,CavalryMovementCosts|IsPointer,CavalryMovementCosts|IsPointer,CavalryMovementCosts|IsPointer,0x80C479,0x80C4BA,0x80C4FB,HorseType
07 Bronze Knight,BronzeKnightName,BronzeKnightDesc,0x07,0x05,0x05,0x00,0xB5,0x21,23,7,3,5,7,3,11,8,60,24,26,24,23,23,25,0x03,70,30,30,18,12,20,0,3,2,1,1,1,3,MountedAid|HasCanto|HorseIcon|IsPromoted,DRank,DRank,NoRank,NoRank,NoRank,NoRank,NoRank,NoRank,BronzeKnightAnims|IsPointer,PromotedCavalryMovementCosts|IsPointer,PromotedCavalryMovementCosts|IsPointer,PromotedCavalryMovementCosts|IsPointer,0x80C479,0x80C4BA,0x80C4FB,HorseType
08 Silver Knight,SilverKnightName,SilverKnightDesc,0x08,0x05,0x77,0x00,0x81,0x21,23,5,3,5,8,2,14,8,60,25,27,25,24,24,25,0x03,70,35,40,35,12,25,0,3,2,2,2,2,2,MountedAid|HasCanto|HorseIcon|IsPromoted,NoRank,DRank,DRank,NoRank,NoRank,NoRank,NoRank,NoRank,SilverKnightAnims|IsPointer,PromotedCavalryMovementCosts|IsPointer,PromotedCavalryMovementCosts|IsPointer,PromotedCavalryMovementCosts|IsPointer,0x80C479,0x80C4BA,0x80C4FB,HorseType
09 Lance Armor,LanceArmorName,LanceArmorDesc,0x09,0x0B,0x06,0x01,0x76,0xc,20,9,8,0,10,0,13,4,60,20,20,20,20,20,20,0x03,80,30,30,15,40,10,0,0,0,0,0,0,0,0x0,NoRank,DRank,NoRank,NoRank,NoRank,NoRank,NoRank,NoRank,LanceArmorAnims|IsPointer,ArmorMovementCosts|IsPointer,ArmorMovementCosts|IsPointer,ArmorMovementCosts|IsPointer,0x80C479,0x80C4BA,0x80C4FB,ArmorType
0A Axe Armor,AxeArmorName,AxeArmorDesc,0x0A,0x35,0x6D,0x01,0x76,0xc,20,9,8,0,10,0,13,4,60,20,20,20,20,20,20,0x03,80,30,30,15,40,10,0,2,1,1,1,2,0,0x0,NoRank,NoRank,DRank,NoRank,NoRank,NoRank,NoRank,NoRank,AxeArmorAnims|IsPointer,ArmorMovementCosts|IsPointer,ArmorMovementCosts|IsPointer,ArmorMovementCosts|IsPointer,0x80C479,0x80C4BA,0x80C4FB,ArmorType
0B General,GeneralName,GeneralDesc,0x0B,0x09,0x07,0x01,0x77,0xd,25,10,11,3,12,3,15,5,60,29,27,24,30,25,25,0x03,75,30,20,10,30,5,0,5,2,3,3,2,3,IsPromoted,DRank,CRank,DRank,DRank,NoRank,NoRank,NoRank,NoRank,GeneralAnims|IsPointer,ArmorMovementCosts|IsPointer,ArmorMovementCosts|IsPointer,ArmorMovementCosts|IsPointer,0x80C479,0x80C4BA,0x80C4FB,ArmorType
0C Gold Knight,GoldKnightName,GoldKnightDesc,0x0C,0x07,0x0B,0x00,0xB7,0xd,27,8,7,7,9,5,12,5,60,28,29,28,27,27,25,0x03,75,30,40,30,25,10,0,7,5,5,4,3,5,MountedAid|HasCanto|HorseIcon|IsPromoted,CRank,DRank,CRank,NoRank,NoRank,NoRank,NoRank,NoRank,GoldKnightAnims|IsPointer,FastCavalryMovementCosts|IsPointer,FastCavalryMovementCosts|IsPointer,FastCavalryMovementCosts|IsPointer,0x80C479,0x80C4BA,0x80C4FB,ArmorType
0D Thief,ThiefName,ThiefDesc,0x0D,0x17,0x08,0x00,0x8E,0x7,11,3,1,9,0,0,6,6,60,20,20,20,20,20,20,0x02,80,25,40,60,5,30,0,0,0,0,0,0,0,Steal|CanUseLockpick,ERank,NoRank,NoRank,NoRank,NoRank,NoRank,NoRank,NoRank,ThiefAnims|IsPointer,ThiefMovementCosts|IsPointer,ThiefMovementCosts|IsPointer,ThiefMovementCosts|IsPointer,0x80C479,0x80C4BA,0x80C4FB,SwordType
0E Soldier,SoldierName,SoldierDesc,0x0E,0x3A,0x09,0x00,0x8A,0x1f,20,6,5,4,3,0,8,8,60,20,20,20,20,20,20,0x03,90,50,40,30,5,5,0,0,0,0,0,0,0,0x0,NoRank,ERank,NoRank,NoRank,NoRank,NoRank,NoRank,NoRank,SoldierAnims|IsPointer,InfantryMovementCosts|IsPointer,InfantryMovementCosts|IsPointer,InfantryMovementCosts|IsPointer,0x80C479,0x80C4BA,0x80C4FB,0
0F Mercenary,MercenaryName,MercenaryDesc,0x0F,0x11,0x0A,0x00,0x90,0x3,21,5,8,6,4,0,11,5,60,20,20,20,20,20,20,0x03,70,40,40,35,15,10,0,0,0,0,0,0,0,0x0,DRank,NoRank,NoRank,NoRank,NoRank,NoRank,NoRank,NoRank,MercenaryAnims|IsPointer,InfantryMovementCosts|IsPointer,InfantryMovementCosts|IsPointer,InfantryMovementCosts|IsPointer,0x80C479,0x80C4BA,0x80C4FB,SwordType
10 Mercenary,MercenaryName,MercenaryDesc,0x10,0x12,0x0B,0x00,0x90,0x3,16,3,5,6,2,0,8,5,60,20,20,20,20,20,20,0x03,80,40,40,32,18,30,0,0,0,0,0,0,0,0x0,DRank,NoRank,NoRank,NoRank,NoRank,NoRank,NoRank,NoRank,MercenaryAnims|IsPointer,InfantryMovementCosts|IsPointer,InfantryMovementCosts|IsPointer,InfantryMovementCosts|IsPointer,0x80C479,0x80C4BA,0x80C4FB,SwordType
11 Champion,ChampionName,ChampionDesc,0x11,0x0F,0x0C,0x00,0x91,0x4,25,6,10,10,7,2,12,6,60,25,30,26,25,22,25,0x03,75,30,30,20,20,20,0,3,1,4,2,2,2,IsPromoted,CRank,NoRank,DRank,NoRank,NoRank,NoRank,NoRank,NoRank,ChampionAnims|IsPointer,PromotedInfantryMovementCosts|IsPointer,PromotedInfantryMovementCosts|IsPointer,PromotedInfantryMovementCosts|IsPointer,0x80C479,0x80C4BA,0x80C4FB,SwordType
12 Champion,ChampionName,ChampionDesc,0x12,0x10,0x0D,0x00,0x91,0x4,24,6,10,11,6,3,9,6,60,25,30,26,25,22,25,0x03,75,30,30,20,20,20,0,0,0,0,0,0,0,IsPromoted,CRank,NoRank,DRank,NoRank,NoRank,NoRank,NoRank,NoRank,ChampionFAnims|IsPointer,PromotedInfantryMovementCosts|IsPointer,PromotedInfantryMovementCosts|IsPointer,PromotedInfantryMovementCosts|IsPointer,0x80C479,0x80C4BA,0x80C4FB,SwordType
13 Myrmidon,MyrmidonName,MyrmidonDesc,0x13,0x15,0x0E,0x00,0x72,0x5,19,4,9,8,1,5,8,5,60,20,20,20,20,20,20,0x03,50,30,35,50,10,30,0,0,0,0,0,0,0,SwordmasterUnlock,DRank,NoRank,NoRank,NoRank,NoRank,NoRank,NoRank,NoRank,MyrmidonAnims|IsPointer,InfantryMovementCosts|IsPointer,InfantryMovementCosts|IsPointer,InfantryMovementCosts|IsPointer,0x80C479,0x80C4BA,0x80C4FB,SwordType
14 Myrmidon-F,MyrmidonName,MyrmidonDesc,0x14,0x16,0x0F,0x00,0x72,0x5,16,4,9,9,1,6,8,5,60,20,20,20,20,20,20,0x03,50,30,50,50,15,30,0,0,0,0,0,0,0,SwordmasterUnlock,DRank,NoRank,NoRank,NoRank,NoRank,NoRank,NoRank,NoRank,MyrmidonFAnims|IsPointer,InfantryMovementCosts|IsPointer,InfantryMovementCosts|IsPointer,InfantryMovementCosts|IsPointer,0x80C479,0x80C4BA,0x80C4FB,SwordType
15 Swordmaster,SwordmasterName,SwordmasterDesc,0x15,0x13,0x10,0x00,0x73,0x6,21,6,11,10,5,2,9,6,60,24,29,30,22,23,20,0x03,65,30,30,30,15,22,0,5,2,0,0,2,1,SwordmasterUnlock|IsPromoted|CritBoost,CRank,NoRank,NoRank,NoRank,NoRank,NoRank,NoRank,NoRank,SwordmasterAnims|IsPointer,PromotedInfantryMovementCosts|IsPointer,PromotedInfantryMovementCosts|IsPointer,PromotedInfantryMovementCosts|IsPointer,0x80C479,0x80C4BA,0x80C4FB,SwordType
16 Swordmaster_F,SwordmasterName,SwordmasterDesc,0x16,0x14,0x11,0x00,0x73,0x6,19,7,11,11,4,3,7,6,60,23,29,30,22,25,20,0x03,65,25,30,30,15,22,0,4,3,2,2,3,1,SwordmasterUnlock|IsPromoted|CritBoost,CRank,NoRank,NoRank,NoRank,NoRank,NoRank,NoRank,NoRank,SwordmasterFAnims|IsPointer,PromotedInfantryMovementCosts|IsPointer,PromotedInfantryMovementCosts|IsPointer,PromotedInfantryMovementCosts|IsPointer,0x80C479,0x80C4BA,0x80C4FB,SwordType
17 Grassrunner,GrassrunnerName,GrassrunnerDesc,0x17,0x0D,0x12,0x00,0x8E,0x8,16,4,2,10,2,2,8,6,60,20,30,30,20,20,20,0x03,50,5,45,40,5,20,0,2,2,1,2,2,2,MountedAid|HasCanto|HorseIcon|IsPromoted|Steal|CanUseLockpick,DRank,NoRank,NoRank,NoRank,NoRank,NoRank,NoRank,NoRank,GrassrunnerAnims|IsPointer,FastCavalryMovementCosts|IsPointer,FastCavalryMovementCosts|IsPointer,FastCavalryMovementCosts|IsPointer,0x80C479,0x80C4BA,0x80C4FB,HorseType|SwordType
18 Grassrunner,GrassrunnerName,GrassrunnerDesc,0x18,0x0D,0x13,0x00,0x8E,0x8,16,3,1,9,2,0,6,6,60,20,30,30,20,20,20,0x03,50,5,45,40,5,20,0,2,1,1,1,2,1,CanUseLockpick|IsPromoted|SwordmasterUnlock|Lethality,DRank,NoRank,NoRank,NoRank,NoRank,NoRank,NoRank,NoRank,GrassrunnerAnims|IsPointer,ThiefMovementCosts|IsPointer,ThiefMovementCosts|IsPointer,ThiefMovementCosts|IsPointer,0x80C479,0x80C4BA,0x80C4FB,SwordType
19 Archer,ArcherName,ArcherDesc,0x19,0x1B,0x14,0x00,0x78,0xa,15,8,8,4,2,1,7,5,60,20,20,20,20,20,20,0x03,70,40,35,40,15,15,0,0,0,0,0,0,0,UseBallista,NoRank,NoRank,NoRank,DRank,NoRank,NoRank,NoRank,NoRank,ArcherAnims|IsPointer,InfantryMovementCosts|IsPointer,InfantryMovementCosts|IsPointer,InfantryMovementCosts|IsPointer,0x80C479,0x80C4BA,0x80C4FB,0x0
1A Archer_F,ArcherName,ArcherDesc,0x1A,0x1C,0x15,0x00,0x78,0xa,17,3,3,4,3,0,5,5,60,20,20,20,20,20,20,0x03,70,40,50,40,15,20,0,0,0,0,0,0,0,UseBallista,NoRank,NoRank,NoRank,DRank,NoRank,NoRank,NoRank,NoRank,ArcherFAnims|IsPointer,InfantryMovementCosts|IsPointer,InfantryMovementCosts|IsPointer,InfantryMovementCosts|IsPointer,0x80C479,0x80C4BA,0x80C4FB,0x0
1B Sniper,SniperName,SniperDesc,0x1B,0x19,0x16,0x00,0x79,0xb,19,10,10,7,5,2,8,6,60,29,30,29,22,21,20,0x03,65,30,30,20,10,15,0,4,2,2,3,3,1,IsPromoted|UseBallista,NoRank,NoRank,NoRank,CRank,NoRank,NoRank,NoRank,NoRank,SniperAnims|IsPointer,PromotedInfantryMovementCosts|IsPointer,PromotedInfantryMovementCosts|IsPointer,PromotedInfantryMovementCosts|IsPointer,0x80C479,0x80C4BA,0x80C4FB,0x0
1C Sniper_F,SniperName,SniperDesc,0x1C,0x1A,0x17,0x00,0x79,0xb,19,8,8,7,5,3,6,6,60,28,30,30,22,25,20,0x03,65,30,30,20,15,25,0,4,3,1,1,2,2,IsPromoted|UseBallista,NoRank,NoRank,NoRank,CRank,NoRank,NoRank,NoRank,NoRank,SniperFAnims|IsPointer,PromotedInfantryMovementCosts|IsPointer,PromotedInfantryMovementCosts|IsPointer,PromotedInfantryMovementCosts|IsPointer,0x80C479,0x80C4BA,0x80C4FB,0x0
1D Ranger,RangerName,RangerDesc,0x1D,0x81,0x18,0x00,0x97,0xc,19,9,6,12,5,2,9,7,60,25,28,30,24,23,25,0x03,60,25,30,35,15,15,0,4,2,3,4,1,1,HorseIcon|IsPromoted|MountedAid|HasCanto,DRank,NoRank,NoRank,DRank,NoRank,NoRank,NoRank,NoRank,RangerAnims|IsPointer,FastCavalryMovementCosts|IsPointer,FastCavalryMovementCosts|IsPointer,FastCavalryMovementCosts|IsPointer,0x80C479,0x80C4BA,0x80C4FB,HorseType
1E Ranger,RangerName,RangerDesc,0x1E,0x1A,0x18,0x00,0x97,0xc,21,6,6,7,5,4,8,7,60,23,28,30,22,25,25,0x03,60,25,30,35,15,20,0,2,2,2,1,3,3,HorseIcon|IsPromoted|MountedAid|HasCanto,DRank,NoRank,NoRank,DRank,NoRank,NoRank,NoRank,NoRank,RangerFAnims|IsPointer,FastCavalryMovementCosts|IsPointer,FastCavalryMovementCosts|IsPointer,FastCavalryMovementCosts|IsPointer,0x80C479,0x80C4BA,0x80C4FB,HorseType
1F Wyvern Rider,WyvernRiderName,WyvernRiderDesc,0x1F,0x21,0x19,0x00,0x88,0xd,20,7,5,1,8,0,10,7,60,20,20,20,20,20,25,0x03,65,60,40,20,30,10,0,0,0,0,0,0,0,MountedAid|HasCanto|DragonIcon,NoRank,NoRank,DRank,NoRank,NoRank,NoRank,NoRank,NoRank,WyvernRiderAnims|IsPointer,FlierMovementCosts|IsPointer,FlierMovementCosts|IsPointer,FlierMovementCosts|IsPointer,0x80C53C,0x80C57D,0x80C5BE,DragonType|FlierType
20 WyvernRiderDismount,KnightName,KnightDesc,0x20,0x21,0x70,0x00,0x88,0xd,20,7,5,2,8,0,10,7,60,20,20,20,20,20,25,0x03,75,60,50,30,35,15,0,0,0,0,0,0,0,0,NoRank,NoRank,DRank,NoRank,NoRank,NoRank,NoRank,NoRank,KnightAnims|IsPointer,DismountMovementCosts|IsPointer,DismountMovementCosts|IsPointer,DismountMovementCosts|IsPointer,0x80C479,0x80C4BA,0x80C4FB,DragonType|FlierType
21 Wyvern Lord,WyvernLordName,WyvernLordDesc,0x21,0x1F,0x1B,0x00,0x89,0xe,25,10,7,4,11,1,11,8,60,27,25,23,28,22,25,0x03,75,40,30,20,20,17,0,5,3,2,2,3,1,MountedAid|HasCanto|DragonIcon|IsPromoted,NoRank,DRank,CRank,NoRank,NoRank,NoRank,NoRank,NoRank,WyvernLordAnims|IsPointer,FlierMovementCosts|IsPointer,FlierMovementCosts|IsPointer,FlierMovementCosts|IsPointer,0x80C53C,0x80C57D,0x80C5BE,DragonType|FlierType
22 WyvernLordDismount,KnightName,KnightDesc,0x22,0x1F,0x70,0x00,0x89,0xe,25,10,7,4,11,1,11,8,60,27,25,23,28,22,25,0x03,75,40,30,20,20,17,0,5,3,2,2,3,1,0,NoRank,DRank,CRank,NoRank,NoRank,NoRank,NoRank,NoRank,KnightAnims|IsPointer,DismountMovementCosts|IsPointer,DismountMovementCosts|IsPointer,DismountMovementCosts|IsPointer,0x80C479,0x80C4BA,0x80C4FB,DragonType|FlierType
23 Saint,SaintName,SaintDesc,0x23,0x1F,0x1D,0x00,0x93,0xf,20,1,12,5,1,8,6,8,60,10,30,25,20,25,25,0x03,65,35,30,30,15,17,0,2,0,10,2,0,3,IsPromoted,NoRank,NoRank,NoRank,NoRank,CRank,NoRank,NoRank,NoRank,SaintAnims|IsPointer,MageMovementCosts|IsPointer,MageMovementCosts|IsPointer,MageMovementCosts|IsPointer,0x80C479,0x80C4BA,0x80C4FB,MageType
24 Marauder,MarauderName,MarauderDesc,0x24,0x42,0x7C,0x00,0x8D,0xf,26,8,3,9,1,1,13,8,60,27,25,26,23,21,25,0x03,75,40,35,25,20,13,0,6,3,3,2,1,1,HorseIcon|MountedAid|HasCanto|IsPromoted,NoRank,NoRank,CRank,NoRank,NoRank,NoRank,NoRank,NoRank,MarauderAnims|IsPointer,MarauderMovementCosts|IsPointer,MarauderMovementCosts|IsPointer,MarauderMovementCosts|IsPointer,0x80C479,0x80C4BA,0x80C4FB,HorseType
25 Mage,MageName,MageDesc,0x25,0x27,0x1E,0x00,0x7C,0x12,19,1,4,6,3,6,6,5,60,15,20,20,20,20,20,0x03,50,30,35,30,10,30,0,1,0,1,2,1,2,0x0,NoRank,NoRank,NoRank,NoRank,NoRank,DRank,NoRank,NoRank,MageAnims|IsPointer,MageMovementCosts|IsPointer,MageMovementCosts|IsPointer,MageMovementCosts|IsPointer,0x80C479,0x80C4BA,0x80C4FB,MageType
26 Mage,MageName,MageDesc,0x26,0x28,0x1F,0x00,0x7C,0x12,16,1,3,2,2,4,3,5,60,15,20,20,20,20,20,0x03,55,55,40,35,5,40,0,0,0,0,0,0,0,0x0,NoRank,NoRank,NoRank,NoRank,NoRank,DRank,NoRank,NoRank,MageFAnims|IsPointer,MageMovementCosts|IsPointer,MageMovementCosts|IsPointer,MageMovementCosts|IsPointer,0x80C479,0x80C4BA,0x80C4FB,MageType
27 Sage,SageName,SageDesc,0x27,0x25,0x20,0x00,0x7D,0x13,23,2,6,8,6,9,7,6,60,20,30,26,21,25,20,0x03,45,45,30,25,10,40,0,4,1,4,2,3,3,IsPromoted,NoRank,NoRank,NoRank,NoRank,NoRank,CRank,DRank,NoRank,SageAnims|IsPointer,MageMovementCosts|IsPointer,MageMovementCosts|IsPointer,MageMovementCosts|IsPointer,0x80C479,0x80C4BA,0x80C4FB,MageType
28 Sage,SageName,SageDesc,0x28,0x26,0x21,0x00,0x7D,0x13,23,2,6,8,6,9,6,6,60,20,28,26,21,25,25,0x03,45,45,30,25,10,40,0,3,1,1,0,3,3,IsPromoted,NoRank,NoRank,NoRank,NoRank,NoRank,CRank,DRank,NoRank,SageFAnims|IsPointer,MageMovementCosts|IsPointer,MageMovementCosts|IsPointer,MageMovementCosts|IsPointer,0x80C479,0x80C4BA,0x80C4FB,MageType
29 Mage Knight,MageKnightName,MageKnightDesc,0x29,0x25,0x22,0x00,0x95,0x14,23,5,3,7,6,8,8,7,60,25,26,25,24,25,25,0x03,45,40,30,40,10,40,0,3,4,1,1,2,2,HorseIcon|IsPromoted|MountedAid|HasCanto,CRank,NoRank,NoRank,NoRank,NoRank,CRank,NoRank,NoRank,MageKnightAnims|IsPointer,PromotedCavalryMovementCosts|IsPointer,PromotedCavalryMovementCosts|IsPointer,PromotedCavalryMovementCosts|IsPointer,0x80C479,0x80C4BA,0x80C4FB,MageType|HorseType
2A Mage Knight,MageKnightName,MageKnightDesc,0x2A,0x26,0x23,0x00,0x95,0x14,19,3,5,6,3,6,6,7,60,25,24,25,24,28,25,0x03,45,40,30,40,10,40,0,3,2,1,0,2,2,HorseIcon|IsPromoted|MountedAid|HasCanto,NoRank,NoRank,NoRank,NoRank,DRank,CRank,NoRank,NoRank,MageKnightFAnims|IsPointer,PromotedCavalryMovementCosts|IsPointer,PromotedCavalryMovementCosts|IsPointer,PromotedCavalryMovementCosts|IsPointer,0x80C479,0x80C4BA,0x80C4FB,MageType|HorseType
2B Bishop,BishopName,BishopDesc,0x2B,0x45,0x24,0x00,0x7B,0x18,21,1,9,12,1,8,7,6,60,10,26,28,21,30,20,0x03,45,35,30,30,8,40,0,2,1,2,1,1,2,IsPromoted,NoRank,NoRank,NoRank,NoRank,DRank,NoRank,DRank,NoRank,BishopAnims|IsPointer,MageMovementCosts|IsPointer,MageMovementCosts|IsPointer,MageMovementCosts|IsPointer,0x80C479,0x80C4BA,0x80C4FB,MageType
2C Bishop_F,BishopName,BishopDesc,0x2C,0x4A,0x25,0x00,0x7B,0x18,22,0,9,13,3,9,8,6,60,10,25,29,21,30,20,0x03,45,35,25,22,8,50,40,3,1,2,1,2,2,IsPromoted,NoRank,NoRank,NoRank,NoRank,CRank,NoRank,DRank,NoRank,BishopFAnims|IsPointer,MageMovementCosts|IsPointer,MageMovementCosts|IsPointer,MageMovementCosts|IsPointer,0x80C479,0x80C4BA,0x80C4FB,MageType
2D Conjurer,ConjurerName,ConjurerDesc,0x2D,0x2F,0x26,0x01,0x7E,0x1b,17,3,5,2,6,1,7,5,60,15,20,20,20,20,20,0x03,60,30,40,15,15,20,0,1,2,0,1,1,2,0x0,NoRank,NoRank,NoRank,NoRank,NoRank,NoRank,NoRank,DRank,ConjurerAnims|IsPointer,MageMovementCosts|IsPointer,MageMovementCosts|IsPointer,MageMovementCosts|IsPointer,0x80C479,0x80C4BA,0x80C4FB,MageType
2E Conjurer,ConjurerName,ConjurerDesc,0x2E,0x30,0x78,0x01,0x7E,0x1b,15,3,5,3,8,1,7,5,60,15,20,20,20,20,20,0x03,70,30,30,20,30,20,0,0,0,0,0,0,0,0x0,NoRank,NoRank,NoRank,NoRank,NoRank,NoRank,NoRank,DRank,ConjurerFAnims|IsPointer,MageMovementCosts|IsPointer,MageMovementCosts|IsPointer,MageMovementCosts|IsPointer,0x80C479,0x80C4BA,0x80C4FB,MageType
2F Sorcerer,SorcererName,SorcererDesc,0x2F,0x2D,0x27,0x01,0x7F,0x1c,19,3,6,5,11,3,8,6,60,25,26,26,28,21,20,0x03,45,55,30,25,25,10,0,4,0,0,3,2,2,IsPromoted,NoRank,NoRank,NoRank,NoRank,NoRank,DRank,NoRank,CRank,SorcererAnims|IsPointer,MageMovementCosts|IsPointer,MageMovementCosts|IsPointer,MageMovementCosts|IsPointer,0x80C479,0x80C4BA,0x80C4FB,MageType
30 Sorcerer,SorcererName,SorcererDesc,0x30,0x2E,0x79,0x01,0x7F,0x1c,17,7,3,4,3,7,4,6,60,25,26,26,20,29,20,0x03,45,55,30,25,10,35,0,0,0,0,0,0,0,IsPromoted,NoRank,NoRank,NoRank,NoRank,NoRank,DRank,NoRank,CRank,SorcererFAnims|IsPointer,MageMovementCosts|IsPointer,MageMovementCosts|IsPointer,MageMovementCosts|IsPointer,0x80C479,0x80C4BA,0x80C4FB,MageType
31 War Monk,WarMonkName,WarMonkDesc,0x31,0x2D,0x28,0x00,0xB8,0x1d,20,7,8,8,3,5,10,6,60,27,27,27,27,23,20,0x03,45,50,30,25,8,35,0,4,5,2,2,3,1,IsPromoted,NoRank,NoRank,CRank,NoRank,CRank,NoRank,NoRank,NoRank,WarMonkAnims|IsPointer,MageMovementCosts|IsPointer,MageMovementCosts|IsPointer,MageMovementCosts|IsPointer,0x80C479,0x80C4BA,0x80C4FB,MageType
32 War Cleric,WarClericName,WarClericDesc,0x32,0x2D,0x7A,0x00,0xB9,0x1d,20,7,8,8,3,5,10,6,60,27,27,27,27,23,20,0x03,45,50,30,25,8,35,0,4,5,1,2,1,3,IsPromoted,NoRank,NoRank,CRank,NoRank,CRank,NoRank,NoRank,NoRank,WarClericAnims|IsPointer,MageMovementCosts|IsPointer,MageMovementCosts|IsPointer,MageMovementCosts|IsPointer,0x80C479,0x80C4BA,0x80C4FB,MageType
33 Rogue,RogueName,RogueDesc,0x33,0x0D,0x29,0x00,0x94,0x9,16,6,4,12,2,3,7,6,60,24,28,29,22,22,20,0x03,50,25,45,50,5,20,0,2,1,2,4,1,3,IsPromoted|CanUseLockpick|Steal,ERank,NoRank,NoRank,NoRank,DRank,NoRank,NoRank,NoRank,RogueAnims|IsPointer,ThiefMovementCosts|IsPointer,ThiefMovementCosts|IsPointer,ThiefMovementCosts|IsPointer,0x80C479,0x80C4BA,0x80C4FB,SwordType
34 Gorgon Egg,0x300,0x300,0x34,0x00,0x2A,0x00,0xA6,0x0,50,0,0,0,10,10,6,0,60,30,30,30,30,30,30,0x03,100,0,0,0,0,0,0,0,0,0,0,0,0,0x0,NoRank,NoRank,NoRank,NoRank,NoRank,NoRank,NoRank,NoRank,0x300,0x00,0x00,0x00,0x80C479,0x80C4BA,0x80C4FB,MonsterType
35 Iron Knight,IronKnightName,IronKnightDesc,0x35,0x09,0x2B,0x01,0x96,0x22,24,10,10,7,13,3,13,6,60,28,23,24,29,25,25,0x03,70,30,20,15,21,20,0,4,2,2,1,3,3,HorseIcon|IsPromoted|MountedAid|HasCanto,DRank,ERank,CRank,NoRank,NoRank,NoRank,NoRank,NoRank,IronKnightAnims|IsPointer,PromotedCavalryMovementCosts|IsPointer,PromotedCavalryMovementCosts|IsPointer,PromotedCavalryMovementCosts|IsPointer,0x80C479,0x80C4BA,0x80C4FB,HorseType|ArmorType
36 Warrior_F,WarriorName,WarriorDesc,0x36,0x3F,0x7B,0x00,0x75,0x22,29,10,8,5,3,1,13,6,60,30,28,26,26,22,25,0x03,80,45,25,20,16,17,0,6,3,4,3,1,1,IsPromoted,NoRank,NoRank,CRank,DRank,NoRank,NoRank,NoRank,NoRank,WarriorFAnims|IsPointer,0x80B8CB,0x80B8CB,0x80B8CB,0x80C479,0x80C4BA,0x80C4FB,0x0
37 MageKnightDismount,KnightName,KnightDesc,0x37,0x25,0x70,0x00,0x95,0x28,23,5,3,7,6,8,8,5,60,25,26,25,24,25,25,0x03,45,40,30,40,10,40,0,4,4,1,1,3,2,IsPromoted,CRank,NoRank,NoRank,NoRank,NoRank,CRank,NoRank,NoRank,KnightAnims|IsPointer,MageMovementCosts|IsPointer,MageMovementCosts|IsPointer,MageMovementCosts|IsPointer,0x80C479,0x80C4BA,0x80C4FB,MageType
38 IronKnightDismount,ArmorName,ArmorDesc,0x38,0x09,0x6D,0x01,0x96,0x27,24,10,10,7,13,3,13,6,60,28,23,24,29,25,25,0x03,70,30,20,15,21,20,0,4,2,2,2,3,3,IsPromoted,CRank,ERank,DRank,NoRank,NoRank,NoRank,NoRank,NoRank,ArmorAnims|IsPointer,ArmorMovementCosts|IsPointer,ArmorMovementCosts|IsPointer,ArmorMovementCosts|IsPointer,0x80C479,0x80C4BA,0x80C4FB,ArmorType
39 Knight,KnightName,KnightDesc,0x39,0x48,0x71,0x00,0x87,0x29,20,6,7,13,5,4,6,6,60,23,25,30,21,26,25,0x03,60,30,30,30,12,30,30,5,2,0,2,2,2,IsPromoted,DRank,CRank,NoRank,NoRank,NoRank,NoRank,NoRank,NoRank,KnightAnims|IsPointer,DismountMovementCosts|IsPointer,DismountMovementCosts|IsPointer,DismountMovementCosts|IsPointer,0x80C479,0x80C4BA,0x80C4FB,0x0
3A Halberdier,HalberdierName,HalberdierDesc,0x3A,0x4E,0x2C,0x00,0x84,0x28,23,8,8,6,5,4,11,6,60,26,30,25,25,23,20,0x03,60,30,32,30,15,10,0,3,3,3,3,3,3,IsPromoted,NoRank,DRank,DRank,NoRank,NoRank,NoRank,NoRank,NoRank,HalberdierAnims|IsPointer,PromotedInfantryMovementCosts|IsPointer,PromotedInfantryMovementCosts|IsPointer,PromotedInfantryMovementCosts|IsPointer,0x80C479,0x80C4BA,0x80C4FB,0x0
3B Manakete,0x2d7,0x2d7,0x3B,0x1F,0x2F,0x00,0xA9,0x1f,20,0,0,2,1,1,25,3,60,20,20,20,20,20,25,0x03,95,40,30,20,0,10,25,0,0,0,0,0,0,UseMonsterWeapons|IsPromoted,NoRank,NoRank,NoRank,NoRank,NoRank,NoRank,NoRank,NoRank,0x2d7,FlierMovementCosts|IsPointer,FlierMovementCosts|IsPointer,FlierMovementCosts|IsPointer,0x80C53C,0x80C57D,0x80C5BE,DragonType
3C Manakete,0x2d7,0x2d7,0x3C,0x20,0x30,0x00,0x8F,0x1f,12,0,0,2,2,2,5,6,60,20,20,20,20,20,20,0x02,95,40,30,20,0,10,25,0,0,0,0,0,0,UseMonsterWeapons,NoRank,NoRank,NoRank,NoRank,NoRank,NoRank,NoRank,NoRank,0x2d7,FlierMovementCosts|IsPointer,FlierMovementCosts|IsPointer,FlierMovementCosts|IsPointer,0x80C53C,0x80C57D,0x80C5BE,DragonType
3D HolyKnightDismount,KnightName,KnightDesc,0x3D,0x4B,0x71,0x00,0x83,0x27,19,9,3,5,4,8,9,4,60,25,24,28,24,28,25,0x03,45,35,25,45,10,40,0,4,3,2,2,2,3,IsPromoted,DRank,DRank,NoRank,NoRank,DRank,NoRank,NoRank,NoRank,KnightAnims|IsPointer,DismountMovementCosts|IsPointer,DismountMovementCosts|IsPointer,DismountMovementCosts|IsPointer,0x80C479,0x80C4BA,0x80C4FB,MageType
3E Sword Armor,SwordArmorName,SwordArmorDesc,0x3E,0x00,0x2E,0x00,0x7C,0x29,13,1,0,1,0,3,5,4,60,20,20,20,20,20,20,0x01,55,55,40,35,10,30,40,0,0,0,0,0,0,0,NoRank,NoRank,NoRank,NoRank,NoRank,ERank,NoRank,NoRank,SwordArmorAnims|IsPointer,MageMovementCosts|IsPointer,MageMovementCosts|IsPointer,MageMovementCosts|IsPointer,0x80C479,0x80C4BA,0x80C4FB,ArmorType
3F Fighter,FighterName,FighterDesc,0x3F,0x40,0x31,0x00,0x74,0x23,23,7,5,3,2,0,12,5,60,20,20,20,20,20,20,0x03,85,45,50,30,15,10,0,2,2,1,0,0,1,0x0,NoRank,NoRank,DRank,NoRank,NoRank,NoRank,NoRank,NoRank,FighterAnims|IsPointer,InfantryMovementCosts|IsPointer,InfantryMovementCosts|IsPointer,InfantryMovementCosts|IsPointer,0x80C479,0x80C4BA,0x80C4FB,0x0
40 Warrior,WarriorName,WarriorDesc,0x40,0x3F,0x32,0x00,0x75,0x25,29,10,8,5,3,1,13,6,60,30,28,26,26,22,25,0x03,70,40,40,25,15,10,0,4,3,3,2,1,1,IsPromoted,NoRank,NoRank,CRank,DRank,NoRank,NoRank,NoRank,NoRank,WarriorAnims|IsPointer,PromotedInfantryMovementCosts|IsPointer,PromotedInfantryMovementCosts|IsPointer,PromotedInfantryMovementCosts|IsPointer,0x80C479,0x80C4BA,0x80C4FB,0x0
41 Brigand,BrigandName,BrigandDesc,0x41,0x43,0x33,0x00,0x8B,0x0,20,5,1,7,0,0,13,5,60,20,20,20,20,20,20,0x03,80,50,20,40,20,10,0,2,1,1,0,1,1,0x0,NoRank,NoRank,DRank,NoRank,NoRank,NoRank,NoRank,NoRank,BrigandAnims|IsPointer,BrigandMovementCosts|IsPointer,BrigandMovementCosts|IsPointer,BrigandMovementCosts|IsPointer,0x80C479,0x80C4BA,0x80C4FB,0x0
42 Pirate,PirateName,PirateDesc,0x42,0x43,0x34,0x00,0x8C,0x24,20,5,1,8,0,0,12,5,60,20,20,20,20,20,20,0x03,80,50,20,40,20,10,0,2,2,0,1,1,0,0x0,NoRank,NoRank,DRank,NoRank,NoRank,NoRank,NoRank,NoRank,PirateAnims|IsPointer,PirateMovementCosts|IsPointer,PirateMovementCosts|IsPointer,PirateMovementCosts|IsPointer,0x80C479,0x80C4BA,0x80C4FB,0x0
43 Berserker,BerserkerName,BerserkerDesc,0x43,0x42,0x35,0x00,0x8D,0x26,26,8,5,10,2,1,13,6,60,29,25,29,21,23,25,0x03,80,50,25,45,15,10,0,7,0,0,0,0,0,IsPromoted|CritBoost,NoRank,NoRank,CRank,NoRank,NoRank,NoRank,NoRank,NoRank,BerserkerAnims|IsPointer,BerserkerMovementCosts|IsPointer,BerserkerMovementCosts|IsPointer,BerserkerMovementCosts|IsPointer,0x80C479,0x80C4BA,0x80C4FB,0x0
44 Monk,MonkName,MonkDesc,0x44,0x00,0x36,0x00,0xB2,0x17,19,0,7,11,0,6,7,5,60,5,20,20,20,20,20,0x03,30,10,30,30,5,30,0,0,0,0,0,0,0,0x0,NoRank,NoRank,NoRank,NoRank,NoRank,NoRank,ERank,NoRank,MonkAnims|IsPointer,MageMovementCosts|IsPointer,MageMovementCosts|IsPointer,MageMovementCosts|IsPointer,0x80C479,0x80C4BA,0x80C4FB,MageType
45 Priest,PriestName,PriestDesc,0x45,0x33,0x37,0x00,0x7A,0x15,16,2,7,6,4,8,5,5,60,15,20,20,20,20,20,0x02,40,25,35,15,5,50,0,0,0,0,0,0,0,0x0,NoRank,NoRank,NoRank,NoRank,DRank,NoRank,NoRank,NoRank,PriestAnims|IsPointer,MageMovementCosts|IsPointer,MageMovementCosts|IsPointer,MageMovementCosts|IsPointer,0x80C479,0x80C4BA,0x80C4FB,MageType
46 Bard,0x2e5,0x2e5,0x46,0x00,0x38,0x00,0x8B,0x0,14,1,2,7,1,0,6,5,60,10,10,30,24,26,20,0x02,45,45,30,60,0,13,70,0,0,0,0,0,0,CanPlay,NoRank,NoRank,NoRank,NoRank,NoRank,NoRank,NoRank,NoRank,0x2e5,InfantryMovementCosts|IsPointer,InfantryMovementCosts|IsPointer,InfantryMovementCosts|IsPointer,0x80C479,0x80C4BA,0x80C4FB,0x0
47 Sword Armor,SwordArmorName,SwordArmorDesc,0x47,0x9B,0x76,0x01,0x76,0x28,20,9,8,0,10,0,13,4,60,20,20,20,20,20,20,0x03,80,30,30,15,30,10,0,0,0,0,0,0,0,0x0,DRank,NoRank,NoRank,NoRank,NoRank,NoRank,NoRank,NoRank,SwordArmorAnims|IsPointer,ArmorMovementCosts|IsPointer,ArmorMovementCosts|IsPointer,ArmorMovementCosts|IsPointer,0x80C479,0x80C4BA,0x80C4FB,ArmorType
48 [_P][_e][_g][_a][_s][_u][_s] [_K][_n]i[_g][_h][_t],PegasusKnightName,PegasusKnightDesc,0x48,0x49,0x39,0x00,0x86,0x10,17,4,5,10,2,5,6,7,60,20,20,20,20,20,25,0x03,60,30,30,50,10,40,0,0,0,0,0,0,0,MountedAid|HasCanto|PegIcon,NoRank,DRank,NoRank,NoRank,NoRank,NoRank,NoRank,NoRank,PegasusKnightAnims|IsPointer,FlierMovementCosts|IsPointer,FlierMovementCosts|IsPointer,FlierMovementCosts|IsPointer,0x80C53C,0x80C57D,0x80C5BE,FlierType
49 Falcoknight,FalcoknightName,FalcoknightDesc,0x49,0x48,0x3A,0x00,0x87,0x11,20,6,7,13,5,4,6,8,60,23,25,30,21,26,25,0x03,60,30,30,30,12,30,0,5,2,0,2,2,2,MountedAid|HasCanto|PegIcon|IsPromoted,DRank,CRank,NoRank,NoRank,NoRank,NoRank,NoRank,NoRank,FalcoknightAnims|IsPointer,FlierMovementCosts|IsPointer,FlierMovementCosts|IsPointer,FlierMovementCosts|IsPointer,0x80C53C,0x80C57D,0x80C5BE,FlierType
4A Cleric,ClericName,ClericDesc,0x4A,0x23,0x3B,0x00,0xB0,0x16,16,1,2,2,0,6,4,5,60,5,20,20,20,20,20,0x02,50,5,35,30,8,50,0,0,0,0,0,0,0,0x0,NoRank,NoRank,NoRank,NoRank,DRank,NoRank,NoRank,NoRank,ClericAnims|IsPointer,MageMovementCosts|IsPointer,MageMovementCosts|IsPointer,MageMovementCosts|IsPointer,0x80C479,0x80C4BA,0x80C4FB,MageType
4B Troubadour,TroubadourName,TroubadourDesc,0x4B,0x4C,0x3C,0x00,0x82,0x19,15,6,1,3,2,5,5,6,60,20,20,20,20,20,25,0x02,50,25,35,70,5,40,0,0,0,0,0,0,0,MountedAid|HasCanto|HorseIcon,ERank,NoRank,NoRank,NoRank,ERank,NoRank,NoRank,NoRank,TroubadourAnims|IsPointer,CavalryMovementCosts|IsPointer,CavalryMovementCosts|IsPointer,CavalryMovementCosts|IsPointer,0x80C479,0x80C4BA,0x80C4FB,MageType|HorseType
4C Holy Knight,HolyKnightName,HolyKnightDesc,0x4C,0x4B,0x3D,0x00,0x83,0x1a,19,9,3,5,4,8,9,7,60,25,24,28,24,28,25,0x03,45,35,25,45,10,40,0,4,3,2,2,2,3,MountedAid|HasCanto|HorseIcon|IsPromoted,DRank,DRank,NoRank,NoRank,DRank,NoRank,NoRank,NoRank,HolyKnightAnims|IsPointer,PromotedCavalryMovementCosts|IsPointer,PromotedCavalryMovementCosts|IsPointer,PromotedCavalryMovementCosts|IsPointer,0x80C479,0x80C4BA,0x80C4FB,MageType|HorseType
4D Dancer,DancerName,DancerDesc,0x4D,0x00,0x3E,0x00,0x8B,0x2a,14,1,2,7,0,1,4,5,60,20,25,30,20,25,20,0x02,45,45,30,60,0,13,70,0,0,0,0,0,0,CanDance,ERank,NoRank,NoRank,NoRank,NoRank,NoRank,NoRank,NoRank,DancerAnims|IsPointer,InfantryMovementCosts|IsPointer,InfantryMovementCosts|IsPointer,InfantryMovementCosts|IsPointer,0x80C479,0x80C4BA,0x80C4FB,0x0
4E Soldier,SoldierName,SoldierDesc,0x4E,0x3A,0x3F,0x00,0x8A,0x0,20,6,5,4,3,0,10,5,60,20,20,20,20,20,20,0x03,85,50,35,35,15,5,0,0,0,0,0,0,0,0x0,NoRank,ERank,NoRank,NoRank,NoRank,NoRank,NoRank,NoRank,SoldierAnims|IsPointer,InfantryMovementCosts|IsPointer,InfantryMovementCosts|IsPointer,InfantryMovementCosts|IsPointer,0x80C479,0x80C4BA,0x80C4FB,0x0
4F Necromancer,MarauderName,MarauderDesc,0x4F,0x2D,0x40,0x00,0x7F,0x2b,18,9,4,5,3,8,7,6,80,30,25,25,30,30,25,0x03,45,55,30,25,10,35,20,0,0,0,0,0,0,IsPromoted|Summoning,NoRank,NoRank,NoRank,NoRank,0xFB,NoRank,NoRank,0xFB,MarauderAnims|IsPointer,MageMovementCosts|IsPointer,MageMovementCosts|IsPointer,MageMovementCosts|IsPointer,0x80C479,0x80C4BA,0x80C4FB,0x0
50 Fleet,0x2f0,0x2f0,0x50,0x00,0x41,0x00,0x92,0x0,19,1,1,2,5,0,25,3,60,20,20,20,30,20,25,0x03,75,35,40,32,15,15,15,0,0,0,0,0,0,0x0,NoRank,NoRank,NoRank,CRank,NoRank,NoRank,NoRank,NoRank,0x2f0,PirateMovementCosts|IsPointer,PirateMovementCosts|IsPointer,PirateMovementCosts|IsPointer,0x80C479,0x80C4BA,0x80C4FB,0x0
51 Phantom,0x2f1,0x2f1,0x51,0x00,0x42,0x00,0x98,0x1e,1,5,2,4,0,0,11,5,1,20,20,20,0,0,20,0x03,0,55,35,45,15,15,50,0,0,0,0,0,0,0x0,NoRank,NoRank,CRank,NoRank,NoRank,NoRank,NoRank,NoRank,0x2f1,FlierMovementCosts|IsPointer,FlierMovementCosts|IsPointer,FlierMovementCosts|IsPointer,0x80C53C,0x80C57D,0x80C5BE,0x0
52 Revenant,0x2f2,0x2f2,0x52,0x53,0x43,0x00,0x99,0x0,33,2,0,0,0,0,6,4,60,20,20,20,20,20,20,0x03,95,50,30,20,10,13,10,0,0,0,0,0,0,UseMonsterWeapons,NoRank,NoRank,NoRank,NoRank,NoRank,NoRank,NoRank,NoRank,0x2f2,InfantryMovementCosts|IsPointer,InfantryMovementCosts|IsPointer,InfantryMovementCosts|IsPointer,0x80C479,0x80C4BA,0x80C4FB,MonsterType
53 Entombed,0x2f3,0x2f3,0x53,0x52,0x44,0x00,0x9A,0x0,46,3,0,1,0,0,6,5,80,25,22,21,24,22,25,0x01,85,40,25,17,10,13,50,0,0,0,0,0,0,UseMonsterWeapons|IsPromoted,NoRank,NoRank,NoRank,NoRank,NoRank,NoRank,NoRank,NoRank,0x2f3,InfantryMovementCosts|IsPointer,InfantryMovementCosts|IsPointer,InfantryMovementCosts|IsPointer,0x80C479,0x80C4BA,0x80C4FB,MonsterType
54 Bonewalker,0x2f4,0x2f4,0x54,0x56,0x45,0x00,0x9B,0x0,26,4,2,3,3,0,7,5,60,20,20,20,20,20,20,0x03,80,50,30,20,12,15,10,0,0,0,0,0,0,SwordmasterUnlock,CRank,CRank,NoRank,NoRank,NoRank,NoRank,NoRank,NoRank,0x2f4,InfantryMovementCosts|IsPointer,InfantryMovementCosts|IsPointer,InfantryMovementCosts|IsPointer,0x80C479,0x80C4BA,0x80C4FB,MonsterType
55 Bonewalker,0x2f4,0x2f4,0x55,0x57,0x46,0x00,0x9B,0x0,23,4,3,2,3,0,6,5,60,20,20,20,20,20,20,0x03,70,35,40,32,15,15,10,0,0,0,0,0,0,0x0,NoRank,NoRank,NoRank,CRank,NoRank,NoRank,NoRank,NoRank,0x2f4,InfantryMovementCosts|IsPointer,InfantryMovementCosts|IsPointer,InfantryMovementCosts|IsPointer,0x80C479,0x80C4BA,0x80C4FB,MonsterType
56 Wight,0x2f5,0x2f5,0x56,0x54,0x47,0x00,0x9C,0x0,27,7,5,6,5,2,9,6,60,24,28,26,22,23,25,0x03,65,25,25,20,15,22,10,0,0,0,0,0,0,SwordmasterUnlock|IsPromoted,ARank,ARank,NoRank,NoRank,NoRank,NoRank,NoRank,NoRank,0x2f5,InfantryMovementCosts|IsPointer,InfantryMovementCosts|IsPointer,InfantryMovementCosts|IsPointer,0x80C479,0x80C4BA,0x80C4FB,MonsterType
57 Wight,0x2f5,0x2f5,0x57,0x55,0x48,0x00,0x9C,0x0,27,6,6,5,5,2,8,6,60,25,30,28,25,23,20,0x03,65,30,30,20,15,20,10,0,0,0,0,0,0,IsPromoted,NoRank,NoRank,NoRank,ARank,NoRank,NoRank,NoRank,NoRank,0x2f5,InfantryMovementCosts|IsPointer,InfantryMovementCosts|IsPointer,InfantryMovementCosts|IsPointer,0x80C479,0x80C4BA,0x80C4FB,MonsterType
58 Bael,0x2f6,0x2f6,0x58,0x59,0x49,0x00,0x9D,0x0,33,6,3,3,6,1,12,5,60,30,28,26,26,22,25,0x03,82,50,30,20,18,13,15,0,0,0,0,0,0,UseMonsterWeapons,NoRank,NoRank,NoRank,NoRank,NoRank,NoRank,NoRank,NoRank,0x2f6,BrigandMovementCosts|IsPointer,BrigandMovementCosts|IsPointer,BrigandMovementCosts|IsPointer,0x80C479,0x80C4BA,0x80C4FB,MonsterType
59 Elder Bael,0x2f7,0x2f7,0x59,0x58,0x4A,0x00,0x9E,0x0,47,8,5,5,9,4,15,6,80,30,28,26,26,22,25,0x03,85,45,25,20,21,17,10,0,0,0,0,0,0,UseMonsterWeapons|IsPromoted,NoRank,NoRank,NoRank,NoRank,NoRank,NoRank,NoRank,NoRank,0x2f7,BrigandMovementCosts|IsPointer,BrigandMovementCosts|IsPointer,BrigandMovementCosts|IsPointer,0x80C479,0x80C4BA,0x80C4FB,MonsterType
5A Cyclops,0x2f8,0x2f8,0x5A,0x09,0x4B,0x00,0x9F,0x0,52,8,5,6,13,0,16,5,80,29,29,28,30,25,25,0x03,95,30,35,25,24,25,10,0,0,0,0,0,0,IsPromoted,NoRank,NoRank,ARank,NoRank,NoRank,NoRank,NoRank,NoRank,0x2f8,0x80B8CB,0x80B8CB,0x80B8CB,0x80C479,0x80C4BA,0x80C4FB,MonsterType
5B Mauthe Doog,0x2f9,0x2f9,0x5B,0x5C,0x4C,0x00,0xA0,0x0,21,4,10,10,2,0,6,7,60,20,20,20,20,20,20,0x03,70,35,45,45,15,20,30,0,0,0,0,0,0,UseMonsterWeapons,NoRank,NoRank,NoRank,NoRank,NoRank,NoRank,NoRank,NoRank,0x2f9,0x80BB14,0x80BB14,0x80BB14,0x80C479,0x80C4BA,0x80C4FB,MonsterType
5C Gwyllgi,0x2fa,0x2fa,0x5C,0x5B,0x4D,0x00,0xA1,0x0,27,6,12,12,5,2,8,8,60,24,29,30,22,23,20,0x03,65,28,35,35,16,22,25,0,0,0,0,0,0,UseMonsterWeapons|IsPromoted,NoRank,NoRank,NoRank,NoRank,NoRank,NoRank,NoRank,NoRank,0x2fa,FastCavalryMovementCosts|IsPointer,FastCavalryMovementCosts|IsPointer,FastCavalryMovementCosts|IsPointer,0x80C479,0x80C4BA,0x80C4FB,MonsterType
5D Tarvos,0x2fb,0x2fb,0x5D,0x5E,0x4E,0x00,0xA2,0x0,27,6,2,5,7,0,10,7,60,20,20,20,20,20,20,0x03,80,35,40,28,15,15,10,0,0,0,0,0,0,0x0,NoRank,NoRank,CRank,NoRank,NoRank,NoRank,NoRank,NoRank,0x2fb,0x80BB14,0x80BB14,0x80BB14,0x80C479,0x80C4BA,0x80C4FB,MonsterType
5E Maelduin,0x2fc,0x2fc,0x5E,0x5D,0x4F,0x00,0xA3,0x0,33,8,4,7,9,3,12,8,80,25,26,24,25,25,25,0x03,75,30,30,18,13,20,10,0,0,0,0,0,0,IsPromoted,NoRank,NoRank,ARank,ARank,NoRank,NoRank,NoRank,NoRank,0x2fc,FastCavalryMovementCosts|IsPointer,FastCavalryMovementCosts|IsPointer,FastCavalryMovementCosts|IsPointer,0x80C479,0x80C4BA,0x80C4FB,MonsterType
5F Mogall,0x2fd,0x2fd,0x5F,0x60,0x50,0x00,0xA4,0x0,20,0,1,2,2,4,4,5,60,10,20,20,20,20,20,0x03,50,15,32,30,10,28,30,0,0,0,0,0,0,UseMonsterWeapons,NoRank,NoRank,NoRank,NoRank,NoRank,NoRank,NoRank,CRank,0x2fd,FlierMovementCosts|IsPointer,FlierMovementCosts|IsPointer,FlierMovementCosts|IsPointer,0x80C53C,0x80C57D,0x80C5BE,MonsterType
60 Arch Mogall,0x2fe,0x2fe,0x60,0x5F,0x51,0x00,0xA5,0x0,22,3,3,3,3,7,5,6,60,15,26,26,20,29,20,0x03,45,25,30,25,10,28,20,0,0,0,0,0,0,UseMonsterWeapons|IsPromoted,NoRank,NoRank,NoRank,NoRank,NoRank,NoRank,NoRank,ARank,0x2fe,FlierMovementCosts|IsPointer,FlierMovementCosts|IsPointer,FlierMovementCosts|IsPointer,0x80C53C,0x80C57D,0x80C5BE,MonsterType
61 Gorgon,0x2ff,0x2ff,0x61,0x5F,0x52,0x00,0xA6,0x0,25,4,3,4,5,7,11,6,60,20,26,26,21,28,25,0x03,45,30,30,25,10,40,30,0,0,0,0,0,0,UseMonsterWeapons|IsPromoted,NoRank,NoRank,NoRank,NoRank,NoRank,NoRank,NoRank,ARank,0x2ff,MageMovementCosts|IsPointer,MageMovementCosts|IsPointer,MageMovementCosts|IsPointer,0x80C479,0x80C4BA,0x80C4FB,MonsterType
62 Gorgon Egg,0x300,0x300,0x62,0x00,0x53,0x00,0xA6,0x0,65,0,0,0,10,10,6,0,60,30,30,30,30,30,30,0x03,100,0,0,0,0,0,0,0,0,0,0,0,0,0x0,NoRank,NoRank,NoRank,NoRank,NoRank,NoRank,NoRank,NoRank,0x300,0x00,0x00,0x00,0x80C479,0x80C4BA,0x80C4FB,MonsterType
63 Gargoyle,0x301,0x301,0x63,0x64,0x54,0x00,0xA7,0x0,25,6,3,6,6,0,8,6,60,20,20,20,20,20,20,0x03,80,45,35,35,25,15,10,0,0,0,0,0,0,0x0,NoRank,CRank,NoRank,NoRank,NoRank,NoRank,NoRank,NoRank,0x301,FlierMovementCosts|IsPointer,FlierMovementCosts|IsPointer,FlierMovementCosts|IsPointer,0x80C53C,0x80C57D,0x80C5BE,MonsterType
64 Deathgoyle,0x302,0x302,0x64,0x63,0x55,0x00,0xA8,0x0,30,8,5,8,9,1,11,7,60,27,25,23,28,22,25,0x03,75,40,30,25,20,17,10,0,0,0,0,0,0,IsPromoted,NoRank,ARank,NoRank,NoRank,NoRank,NoRank,NoRank,NoRank,0x302,FlierMovementCosts|IsPointer,FlierMovementCosts|IsPointer,FlierMovementCosts|IsPointer,0x80C53C,0x80C57D,0x80C5BE,MonsterType
65 Draco Zombie,0x303,0x303,0x65,0x1F,0x56,0x00,0xA9,0x0,69,1,0,1,0,3,25,5,100,50,50,50,50,50,25,0x03,85,35,20,20,30,10,25,0,0,0,0,0,0,UseMonsterWeapons|IsPromoted,NoRank,NoRank,NoRank,NoRank,NoRank,NoRank,NoRank,NoRank,0x303,FlierMovementCosts|IsPointer,FlierMovementCosts|IsPointer,FlierMovementCosts|IsPointer,0x80C53C,0x80C57D,0x80C5BE,MonsterType
66 Demon King,0x304,0x304,0x66,0x1F,0x57,0x00,0xAA,0x0,120,23,20,18,25,25,25,2,120,50,50,50,50,50,25,0x05,95,40,30,20,20,20,25,0,0,0,0,0,0,UseMonsterWeapons|IsPromoted,NoRank,NoRank,NoRank,NoRank,NoRank,NoRank,NoRank,NoRank,0x304,0x80BBD7,0x80BBD7,0x80BBD7,0x80C479,0x80C4BA,0x80C4FB,MonsterType
67,0x0,0x0,0x67,0x00,0x58,0x00,0x00,0x0,0,0,0,0,0,0,0,0,0,0,0,0,0,0,0,0x03,0,0,0,0,0,10,0,0,0,0,0,0,0,0x0,NoRank,NoRank,NoRank,NoRank,NoRank,NoRank,NoRank,NoRank,0x0,0x00,0x00,0x00,0x80C479,0x80C4BA,0x80C4FB,0x0
68,0x0,0x0,0x68,0x00,0x59,0x00,0x00,0x0,0,0,0,0,0,0,0,0,0,0,0,0,0,0,0,0x00,0,0,0,0,0,0,0,0,0,0,0,0,0,0x0,NoRank,NoRank,NoRank,NoRank,NoRank,NoRank,NoRank,NoRank,0x0,0x00,0x00,0x00,0x80C479,0x80C4BA,0x80C4FB,0x0
69,0x0,0x0,0x69,0x00,0x5A,0x00,0x00,0x0,0,0,0,0,0,0,0,0,0,0,0,0,0,0,0,0x00,0,0,0,0,0,0,0,0,0,0,0,0,0,0x0,NoRank,NoRank,NoRank,NoRank,NoRank,NoRank,NoRank,NoRank,0x0,0x00,0x00,0x00,0x80C479,0x80C4BA,0x80C4FB,0x0
6A ,0x0,0x0,0x6A,0x00,0x5B,0x00,0x00,0x0,0,0,0,0,0,0,0,0,0,0,0,0,0,0,0,0x00,0,0,0,0,0,0,0,0,0,0,0,0,0,0x0,NoRank,NoRank,NoRank,NoRank,NoRank,NoRank,NoRank,NoRank,0x0,0x00,0x00,0x00,0x80C479,0x80C4BA,0x80C4FB,0x0
6B ,0x0,0x0,0x6B,0x00,0x5C,0x00,0x00,0x0,0,0,0,0,0,0,0,0,0,0,0,0,0,0,0,0x00,0,0,0,0,0,0,0,0,0,0,0,0,0,0x0,NoRank,NoRank,NoRank,NoRank,NoRank,NoRank,NoRank,NoRank,0x0,0x00,0x00,0x00,0x80C479,0x80C4BA,0x80C4FB,0x0
6C ,0x0,0x0,0x6C,0x00,0x5D,0x00,0x00,0x0,0,0,0,0,0,0,0,0,0,0,0,0,0,0,0,0x00,0,0,0,0,0,0,0,0,0,0,0,0,0,0x0,NoRank,NoRank,NoRank,NoRank,NoRank,NoRank,NoRank,NoRank,0x0,0x00,0x00,0x00,0x80C479,0x80C4BA,0x80C4FB,0x0
6D Civilian,0x305,0x305,0x6D,0x00,0x5E,0x01,0x5E,0x0,8,1,0,0,0,0,4,5,60,20,20,20,20,20,20,0x01,10,0,0,0,0,10,0,0,0,0,0,0,0,0x0,NoRank,NoRank,NoRank,NoRank,NoRank,NoRank,NoRank,NoRank,0x305,0x80BA51,0x80BA51,0x80BA51,0x80C479,0x80C4BA,0x80C4FB,0x0
6E Civilian,0x305,0x305,0x6E,0x00,0x5F,0x01,0x63,0x0,7,0,0,0,0,1,3,5,60,20,20,20,20,20,20,0x01,10,0,0,0,0,10,0,0,0,0,0,0,0,0x0,NoRank,NoRank,NoRank,NoRank,NoRank,NoRank,NoRank,NoRank,0x305,0x80BA51,0x80BA51,0x80BA51,0x80C479,0x80C4BA,0x80C4FB,0x0
6F Civilian,0x305,0x305,0x6F,0x00,0x60,0x01,0x59,0x0,10,0,1,0,0,2,6,5,60,20,20,20,20,20,20,0x01,10,0,0,0,0,10,0,0,0,0,0,0,0,0x0,NoRank,NoRank,NoRank,NoRank,NoRank,NoRank,NoRank,NoRank,0x305,0x80BA51,0x80BA51,0x80BA51,0x80C479,0x80C4BA,0x80C4FB,0x0
70 Civilian,0x305,0x305,0x70,0x00,0x61,0x01,0x62,0x0,9,0,1,0,0,1,4,5,60,20,20,20,20,20,20,0x01,10,0,0,0,0,10,0,0,0,0,0,0,0,0x0,NoRank,NoRank,NoRank,NoRank,NoRank,NoRank,NoRank,NoRank,0x305,0x80BA51,0x80BA51,0x80BA51,0x80C479,0x80C4BA,0x80C4FB,0x0
71 Civilian,0x305,0x305,0x71,0x00,0x60,0x01,0x5C,0x0,12,3,0,0,2,0,7,5,60,20,20,20,20,20,20,0x01,10,0,0,0,0,10,0,0,0,0,0,0,0,0x0,NoRank,NoRank,NoRank,NoRank,NoRank,NoRank,NoRank,NoRank,0x305,0x80BA51,0x80BA51,0x80BA51,0x80C479,0x80C4BA,0x80C4FB,0x0
72 Civilian,0x305,0x305,0x72,0x00,0x61,0x01,0x61,0x0,10,0,1,0,1,1,5,5,60,20,20,20,20,20,20,0x01,10,0,0,0,0,10,0,0,0,0,0,0,0,0x0,NoRank,NoRank,NoRank,NoRank,NoRank,NoRank,NoRank,NoRank,0x305,0x80BA51,0x80BA51,0x80BA51,0x80C479,0x80C4BA,0x80C4FB,0x0
73,0x0,0x0,0x73,0x00,0x62,0x01,0x01,0x0,10,0,0,0,0,0,8,5,60,20,20,20,20,20,20,0x01,10,0,0,0,0,10,0,0,0,0,0,0,0,0x0,NoRank,NoRank,NoRank,NoRank,NoRank,NoRank,NoRank,NoRank,0x0,0x80BA51,0x80BA51,0x80BA51,0x80C479,0x80C4BA,0x80C4FB,0x0
74 Queen,0x307,0x307,0x74,0x00,0x63,0x01,0x01,0x0,10,0,0,0,0,0,5,5,60,20,20,20,20,20,20,0x01,10,0,0,0,0,10,0,0,0,0,0,0,0,0x0,NoRank,NoRank,NoRank,NoRank,NoRank,NoRank,NoRank,NoRank,0x307,0x80BA51,0x80BA51,0x80BA51,0x80C479,0x80C4BA,0x80C4FB,0x0
75,0x0,0x0,0x75,0x00,0x64,0x01,0x01,0x0,10,0,0,0,0,0,7,5,60,20,20,20,20,20,20,0x01,10,0,0,0,0,10,0,0,0,0,0,0,0,0x0,NoRank,NoRank,NoRank,NoRank,NoRank,NoRank,NoRank,NoRank,0x0,0x80BA51,0x80BA51,0x80BA51,0x80C479,0x80C4BA,0x80C4FB,0x0
76 Queen,0x307,0x307,0x76,0x00,0x65,0x01,0x01,0x0,10,0,0,0,0,0,6,5,60,20,20,20,20,20,20,0x01,10,0,0,0,0,10,0,0,0,0,0,0,0,0x0,NoRank,NoRank,NoRank,NoRank,NoRank,NoRank,NoRank,NoRank,0x307,0x80BA51,0x80BA51,0x80BA51,0x80C479,0x80C4BA,0x80C4FB,0x0
77,0x0,0x0,0x77,0x00,0x66,0x00,0x00,0x0,0,0,0,0,0,0,0,0,0,0,0,0,0,0,0,0x00,0,0,0,0,0,0,0,0,0,0,0,0,0,0x0,NoRank,NoRank,NoRank,NoRank,NoRank,NoRank,NoRank,NoRank,0x0,0x00,0x00,0x00,0x80C479,0x80C4BA,0x80C4FB,0x0
78,0x0,0x0,0x78,0x00,0x67,0x01,0x01,0x0,10,0,0,0,0,0,25,5,60,20,20,20,20,20,20,0x01,10,0,0,0,0,10,0,0,0,0,0,0,0,0x0,NoRank,NoRank,NoRank,NoRank,NoRank,NoRank,NoRank,NoRank,0x0,0x80BA51,0x80BA51,0x80BA51,0x80C479,0x80C4BA,0x80C4FB,0x0
79,0x0,0x0,0x79,0x00,0x68,0x01,0x01,0x0,15,0,3,3,3,0,25,0,60,20,20,20,20,20,25,0x01,10,0,0,0,0,10,0,0,0,0,0,0,0,CannotControl|IsSupply,NoRank,NoRank,NoRank,NoRank,NoRank,NoRank,NoRank,NoRank,0x0,0x80BA51,0x80BA51,0x80BA51,0x80C479,0x80C4BA,0x80C4FB,0x0
7A Pontifex,0x306,0x306,0x7A,0x00,0x69,0x01,0x01,0x0,10,0,0,0,0,0,8,5,60,20,20,20,20,20,20,0x01,10,0,0,0,0,10,0,0,0,0,0,0,0,0x0,NoRank,NoRank,NoRank,NoRank,NoRank,NoRank,NoRank,NoRank,0x306,0x80BA51,0x80BA51,0x80BA51,0x80C479,0x80C4BA,0x80C4FB,0x0
7B ,0x0,0x0,0x7B,0x00,0x6A,0x01,0x01,0x0,10,0,0,0,0,0,25,5,60,20,20,20,20,20,20,0x01,10,0,0,0,0,10,0,0,0,0,0,0,0,0x0,NoRank,NoRank,NoRank,NoRank,NoRank,NoRank,NoRank,NoRank,0x0,0x80BA51,0x80BA51,0x80BA51,0x80C479,0x80C4BA,0x80C4FB,0x0
7C Cyclops,0x2f8,0x2f8,0x7C,0x09,0x4B,0x00,0x9F,0x0,52,8,5,6,13,0,16,5,80,29,29,28,30,25,25,0x03,95,30,35,25,24,25,10,0,0,0,0,0,0,IsPromoted,NoRank,NoRank,0xFB,NoRank,NoRank,NoRank,NoRank,NoRank,0x2f8,0x80B8CB,0x80B8CB,0x80B8CB,0x80C479,0x80C4BA,0x80C4FB,MonsterType
7D Elder Bael,0x2f7,0x2f7,0x7D,0x58,0x4A,0x00,0x9E,0x0,47,8,5,5,9,4,15,6,80,30,28,26,26,22,25,0x03,85,45,25,20,21,17,10,0,0,0,0,0,0,UseMonsterWeapons|IsPromoted,NoRank,NoRank,NoRank,NoRank,NoRank,NoRank,NoRank,NoRank,0x2f7,BrigandMovementCosts|IsPointer,BrigandMovementCosts|IsPointer,BrigandMovementCosts|IsPointer,0x80C479,0x80C4BA,0x80C4FB,MonsterType
7E Ravager,RavagerName,RavagerDesc,0x7E,0x80,0x2D,0x00,0xB6,0x27,23,11,8,8,5,3,8,5,60,28,27,28,22,22,20,0x03,65,30,30,30,20,10,0,3,3,2,2,0,2,IsPromoted,NoRank,DRank,NoRank,NoRank,NoRank,NoRank,NoRank,NoRank,RavagerAnims|IsPointer,PromotedInfantryMovementCosts|IsPointer,PromotedInfantryMovementCosts|IsPointer,PromotedInfantryMovementCosts|IsPointer,0x80C479,0x80C4BA,0x80C4FB,0x0
7F Dummy,0x7f,0x7f,0x7F,0x49,0x6E,0x00,0x86,0x29,14,4,5,11,3,2,5,5,60,20,20,20,20,20,25,0x03,65,35,40,40,12,35,35,0,0,0,0,0,0,0x0,DRank,NoRank,NoRank,NoRank,NoRank,NoRank,NoRank,NoRank,0x7f,FlierMovementCosts|IsPointer,FlierMovementCosts|IsPointer,FlierMovementCosts|IsPointer,0x80C53C,0x80C57D,0x80C5BE,0x0
80 Deserter,DeserterName,DeserterDesc,0x80,0x7E,0x6B,0x00,0xAD,,17,8,5,6,4,1,8,,60,20,20,20,20,20,20,0x03,55,30,30,30,15,5,0,0,0,0,0,0,0,0x0,NoRank,ERank,NoRank,NoRank,NoRank,NoRank,NoRank,NoRank,DeserterAnims|IsPointer,InfantryMovementCosts|IsPointer,InfantryMovementCosts|IsPointer,InfantryMovementCosts|IsPointer,0x80C479,0x80C4BA,0x80C4FB,0x0
81 Hunter,HunterName,HunterDesc,0x81,0x1D,0x6C,0x00,0x4C,,15,7,5,8,3,1,7,,60,20,20,20,20,20,20,0x03,50,20,35,45,10,10,0,0,0,0,0,0,0,0x0,NoRank,NoRank,NoRank,ERank,NoRank,NoRank,NoRank,NoRank,HunterAnims|IsPointer,ThiefMovementCosts|IsPointer,ThiefMovementCosts|IsPointer,ThiefMovementCosts|IsPointer,0x80C479,0x80C4BA,0x80C4FB,0x0
82 Captain,CaptainName,CaptainDesc,0x82,0x49,0x6E,0x00,0x86,,14,4,5,11,3,2,5,,60,20,20,20,20,20,25,0x03,65,35,40,40,12,35,35,0,0,0,0,0,0,MountedAid|HasCanto|PegIcon,DRank,NoRank,NoRank,NoRank,NoRank,NoRank,NoRank,NoRank,CaptainAnims|IsPointer,FlierMovementCosts|IsPointer,FlierMovementCosts|IsPointer,FlierMovementCosts|IsPointer,0x80C53C,0x80C57D,0x80C5BE,FlierType
83 Transporter,TransporterName,TransporterDesc,0x83,0x03,0x6F,0x00,0xAE,,26,0,0,8,6,2,25,,60,0,20,20,20,20,25,0x01,50,0,0,25,10,10,0,0,0,0,0,0,0,MountedAid|HasCanto|HorseIcon,NoRank,NoRank,NoRank,NoRank,NoRank,NoRank,NoRank,NoRank,TransporterAnims|IsPointer,CavalryMovementCosts|IsPointer,CavalryMovementCosts|IsPointer,CavalryMovementCosts|IsPointer,0x80C479,0x80C4BA,0x80C4FB,HorseType
84 LanceKnightDismount,KnightName,KnightDesc,0x84,0x03,0x70,0x00,0x8B,,18,6,6,7,6,0,10,,60,20,20,20,20,20,20,0x03,90,45,40,45,15,15,0,0,0,0,0,0,0,0x0,NoRank,ERank,NoRank,NoRank,NoRank,NoRank,NoRank,NoRank,KnightAnims|IsPointer,DismountMovementCosts|IsPointer,DismountMovementCosts|IsPointer,DismountMovementCosts|IsPointer,0x80C479,0x80C4BA,0x80C4FB,0x0
85 TroubadourDismount,KnightName,KnightDesc,0x85,0x03,0x71,0x00,0x8B,,18,6,6,7,6,0,5,,60,20,20,20,20,20,20,0x02,90,45,40,45,15,15,0,0,0,0,0,0,0,0x0,ERank,NoRank,NoRank,NoRank,ERank,NoRank,NoRank,NoRank,KnightAnims|IsPointer,DismountMovementCosts|IsPointer,DismountMovementCosts|IsPointer,DismountMovementCosts|IsPointer,0x80C479,0x80C4BA,0x80C4FB,0x0
86 CaptainDismount,KnightName,KnightDesc,0x86,0x03,0x71,0x00,0x8B,,18,6,6,7,6,0,5,,60,20,20,20,20,20,20,0x03,90,45,40,45,15,15,0,0,0,0,0,0,0,0x0,DRank,NoRank,NoRank,NoRank,NoRank,NoRank,NoRank,NoRank,KnightAnims|IsPointer,DismountMovementCosts|IsPointer,DismountMovementCosts|IsPointer,DismountMovementCosts|IsPointer,0x80C479,0x80C4BA,0x80C4FB,0x0
87 Axe Knight,AxeKnightName,AxeKnightDesc,0x87,0x08,0x73,0x00,0x80,,20,3,5,3,4,0,12,,60,20,20,20,20,20,25,0x03,70,50,35,30,25,5,0,1,0,2,2,0,2,MountedAid|HasCanto|HorseIcon,NoRank,NoRank,ERank,NoRank,NoRank,NoRank,NoRank,NoRank,AxeKnightAnims|IsPointer,CavalryMovementCosts|IsPointer,CavalryMovementCosts|IsPointer,CavalryMovementCosts|IsPointer,0x80C479,0x80C4BA,0x80C4FB,HorseType
88 Ballistician,BallisticianName,BallisticianDesc,0x88,0x03,0x74,0x01,0xB3,,22,4,3,1,8,0,25,,60,10,30,20,30,30,25,0x03,25,40,50,5,10,0,0,0,0,0,0,0,0,MountedAid,NoRank,NoRank,NoRank,NoRank,NoRank,NoRank,NoRank,NoRank,BallisticianAnims|IsPointer,ArmorMovementCosts|IsPointer,ArmorMovementCosts|IsPointer,ArmorMovementCosts|IsPointer,0x80C479,0x80C4BA,0x80C4FB,0x0
89 Ballistician,BallisticianName,BallisticianDesc,0x89,0x03,0x75,0x01,0xB3,,25,10,3,1,10,0,25,,60,10,30,20,30,30,25,0x03,75,35,50,10,25,10,0,0,0,0,0,0,0,MountedAid,NoRank,NoRank,NoRank,NoRank,NoRank,NoRank,NoRank,NoRank,BallisticianAnims|IsPointer,ArmorMovementCosts|IsPointer,ArmorMovementCosts|IsPointer,ArmorMovementCosts|IsPointer,0x80C479,0x80C4BA,0x80C4FB,0x0
8A Knight,KnightName,KnightDesc,0x8A,0x03,0x71,0x00,0x8B,,18,6,6,7,6,0,8,,60,20,20,20,20,20,20,0x03,90,45,40,45,15,15,0,0,0,0,0,0,0,0x0,NoRank,NoRank,NoRank,NoRank,NoRank,NoRank,NoRank,NoRank,KnightAnims|IsPointer,DismountMovementCosts|IsPointer,DismountMovementCosts|IsPointer,DismountMovementCosts|IsPointer,0x80C479,0x80C4BA,0x80C4FB,0x0
8B AxeKnightDismount,KnightName,KnightDesc,0x8B,0x03,0x71,0x00,0x8B,,18,6,6,7,6,0,12,,60,20,20,20,20,20,20,0x03,90,45,40,45,15,15,0,0,0,0,0,0,0,0x0,NoRank,NoRank,ERank,NoRank,NoRank,NoRank,NoRank,NoRank,KnightAnims|IsPointer,DismountMovementCosts|IsPointer,DismountMovementCosts|IsPointer,DismountMovementCosts|IsPointer,0x80C479,0x80C4BA,0x80C4FB,0x0
8C SwordKnightDismount,KnightName,KnightDesc,0x8C,0x03,0x70,0x00,0x8B,,18,6,6,7,6,0,9,,60,20,20,20,20,20,20,0x03,90,45,40,45,15,15,0,0,0,0,0,0,0,0x0,ERank,NoRank,NoRank,NoRank,NoRank,NoRank,NoRank,NoRank,KnightAnims|IsPointer,DismountMovementCosts|IsPointer,DismountMovementCosts|IsPointer,DismountMovementCosts|IsPointer,0x80C479,0x80C4BA,0x80C4FB,0x0
8D BronzeKnightDismount,KnightName,KnightDesc,0x8D,0x05,0x70,0x00,0xB5,,23,5,3,4,7,3,11,,60,23,26,24,23,23,25,0x03,70,25,30,18,12,20,0,3,2,1,1,1,3,IsPromoted,DRank,DRank,NoRank,NoRank,NoRank,NoRank,NoRank,NoRank,KnightAnims|IsPointer,DismountMovementCosts|IsPointer,DismountMovementCosts|IsPointer,DismountMovementCosts|IsPointer,0x80C479,0x80C4BA,0x80C4FB,0x0
8E SilverKnightDismount,KnightName,KnightDesc,0x8E,0x05,0x71,0x00,0x81,,23,5,3,5,8,2,14,,60,25,27,25,24,24,25,0x03,70,25,35,25,12,25,0,3,2,2,2,2,2,IsPromoted,NoRank,DRank,DRank,NoRank,NoRank,NoRank,NoRank,NoRank,KnightAnims|IsPointer,DismountMovementCosts|IsPointer,DismountMovementCosts|IsPointer,DismountMovementCosts|IsPointer,0x80C479,0x80C4BA,0x80C4FB,0x0
8F GoldKnightDismount,KnightName,KnightDesc,0x8F,0x07,0x71,0x00,0xB7,,27,8,7,7,9,5,12,,60,28,29,28,27,27,25,0x03,75,30,40,30,25,10,0,7,5,5,4,3,5,IsPromoted,CRank,DRank,CRank,NoRank,NoRank,NoRank,NoRank,NoRank,KnightAnims|IsPointer,DismountMovementCosts|IsPointer,DismountMovementCosts|IsPointer,DismountMovementCosts|IsPointer,0x80C479,0x80C4BA,0x80C4FB,0x0
90 GrassrunnerDismount,ThiefName,ThiefDesc,0x90,0x0D,0x08,0x00,0x8E,,16,4,2,10,2,2,8,,60,20,30,30,20,20,20,0x03,50,5,45,40,5,20,0,2,2,1,2,2,2,Steal|CanUseLockpick|IsPromoted,DRank,NoRank,NoRank,NoRank,NoRank,NoRank,NoRank,NoRank,ThiefAnims|IsPointer,ThiefMovementCosts|IsPointer,ThiefMovementCosts|IsPointer,ThiefMovementCosts|IsPointer,0x80C479,0x80C4BA,0x80C4FB,SwordType
91 RangerDismount,KnightName,KnightDesc,0x91,0x81,0x70,0x00,0x97,,19,9,6,12,5,2,9,,60,25,28,30,24,23,25,0x03,60,25,30,35,15,15,0,0,2,3,4,2,2,IsPromoted,DRank,NoRank,NoRank,DRank,NoRank,NoRank,NoRank,NoRank,KnightAnims|IsPointer,DismountMovementCosts|IsPointer,DismountMovementCosts|IsPointer,DismountMovementCosts|IsPointer,0x80C479,0x80C4BA,0x80C4FB,0x0
92 Knight,KnightName,KnightDesc,0x92,0x21,0x70,0x00,0x88,,20,7,5,2,8,0,10,,60,20,20,20,20,20,25,0x03,75,60,50,30,35,15,0,0,0,0,0,0,0,0x0,NoRank,NoRank,DRank,NoRank,NoRank,NoRank,NoRank,NoRank,KnightAnims|IsPointer,DismountMovementCosts|IsPointer,DismountMovementCosts|IsPointer,DismountMovementCosts|IsPointer,0x80C479,0x80C4BA,0x80C4FB,0x0
93 Knight,KnightName,KnightDesc,0x93,0x1F,0x70,0x00,0x89,,25,10,7,4,11,1,11,,60,27,25,23,28,22,25,0x03,75,40,30,20,20,17,0,5,3,2,2,3,1,0x0,NoRank,DRank,CRank,NoRank,NoRank,NoRank,NoRank,NoRank,KnightAnims|IsPointer,DismountMovementCosts|IsPointer,DismountMovementCosts|IsPointer,DismountMovementCosts|IsPointer,0x80C479,0x80C4BA,0x80C4FB,0x0
94 Lance Knight_F,LanceKnightName,LanceKnightDesc,0x94,0x0C,0x04,0x00,0x80,,20,3,2,3,4,0,10,,60,20,20,20,20,20,25,0x02,75,40,40,40,20,10,0,0,0,0,0,0,0,MountedAid|HasCanto|HorseIcon,NoRank,ERank,NoRank,NoRank,NoRank,NoRank,NoRank,NoRank,LanceKnightFAnims|IsPointer,CavalryMovementCosts|IsPointer,CavalryMovementCosts|IsPointer,CavalryMovementCosts|IsPointer,0x80C479,0x80C4BA,0x80C4FB,HorseType
95 LanceKnight_Fdismount,KnightName,KnightDesc,0x95,0x8F,0x71,0x00,0x8B,,18,6,6,7,6,0,10,,60,20,20,20,20,20,25,0x03,90,45,40,45,15,15,0,0,0,0,0,0,0,0x0,NoRank,ERank,NoRank,NoRank,NoRank,NoRank,NoRank,NoRank,KnightAnims|IsPointer,DismountMovementCosts|IsPointer,DismountMovementCosts|IsPointer,DismountMovementCosts|IsPointer,0x80C479,0x80C4BA,0x80C4FB,0x0
96 MarauderDismount,BrigandName,BrigandDesc,0x96,0x42,0x33,0x00,0x8D,,26,8,3,9,1,1,13,,60,27,25,26,23,21,25,0x03,75,40,35,25,20,13,0,6,3,3,2,1,1,0x0,NoRank,NoRank,CRank,NoRank,NoRank,NoRank,NoRank,NoRank,BrigandAnims|IsPointer,BrigandMovementCosts|IsPointer,BrigandMovementCosts|IsPointer,BrigandMovementCosts|IsPointer,0x80C479,0x80C4BA,0x80C4FB,0x0
97 PegasusKnightDismount,KnightName,KnightDesc,0x97,0x49,0x71,0x00,0x86,,17,4,5,10,2,5,5,,60,20,20,20,20,20,25,0x03,60,30,35,50,15,50,0,0,0,0,0,0,0,0x0,NoRank,DRank,NoRank,NoRank,NoRank,NoRank,NoRank,NoRank,KnightAnims|IsPointer,DismountMovementCosts|IsPointer,DismountMovementCosts|IsPointer,DismountMovementCosts|IsPointer,0x80C479,0x80C4BA,0x80C4FB,0x0
FalcoknightDismount,KnightName,KnightDesc,0x98,0x48,0x71,0x00,0x87,,20,6,7,13,5,4,6,,60,23,25,30,21,26,25,0x03,60,30,30,30,12,30,0,5,2,0,2,2,2,IsPromoted,DRank,CRank,NoRank,NoRank,NoRank,NoRank,NoRank,NoRank,KnightAnims|IsPointer,DismountMovementCosts|IsPointer,DismountMovementCosts|IsPointer,DismountMovementCosts|IsPointer,0x80C479,0x80C4BA,0x80C4FB,0x0
99 Parson,ParsonName,ParsonDesc,0x99,0x31,0x7D,0x00,0x7A,,16,2,7,4,7,4,7,,60,20,20,20,20,20,20,0x03,30,20,25,20,5,25,15,0,0,0,0,0,0,0x0,NoRank,NoRank,NoRank,NoRank,DRank,NoRank,NoRank,NoRank,ParsonAnims|IsPointer,MageMovementCosts|IsPointer,MageMovementCosts|IsPointer,MageMovementCosts|IsPointer,0x80C479,0x80C4BA,0x80C4FB,MageType
9A Princess,PrincessName,PrincessDesc,0x9A,0x04,0x01,0x00,0x8B,,16,4,8,9,3,1,5,,60,20,20,20,20,20,20,0x03,90,45,40,45,15,20,0,0,0,0,0,0,0,0x0,ERank,NoRank,NoRank,NoRank,NoRank,NoRank,NoRank,NoRank,PrincessAnims|IsPointer,PromotedInfantryMovementCosts|IsPointer,PromotedInfantryMovementCosts|IsPointer,PromotedInfantryMovementCosts|IsPointer,0x80C479,0x80C4BA,0x80C4FB,0x0
9B Titan,TitanName,TitanDesc,0x9B,0x09,0x1A,0x01,0x77,,25,10,11,3,12,3,14,,60,30,30,22,30,23,25,0x03,75,30,20,10,40,25,0,3,2,4,1,2,1,IsPromoted,CRank,NoRank,NoRank,NoRank,NoRank,NoRank,NoRank,NoRank,TitanAnims|IsPointer,ArmorMovementCosts|IsPointer,ArmorMovementCosts|IsPointer,ArmorMovementCosts|IsPointer,0x80C479,0x80C4BA,0x80C4FB,ArmorType
9C Princess,PrincessName,PrincessDesc,0x9C,0x03,0x00,0x00,0x8B,,18,6,6,7,6,0,8,,60,20,20,20,20,20,20,0x03,90,45,40,45,15,15,0,0,0,0,0,0,0,0x0,NoRank,DRank,NoRank,NoRank,NoRank,NoRank,NoRank,NoRank,PrincessAnims|IsPointer,DismountMovementCosts|IsPointer,DismountMovementCosts|IsPointer,DismountMovementCosts|IsPointer,0x80C479,0x80C4BA,0x80C4FB,0x0
9D Princess,PrincessName,PrincessDesc,0x9D,0x03,0x00,0x00,0x8B,,18,6,6,7,6,0,8,,60,20,20,20,20,20,20,0x03,90,45,40,45,15,15,0,0,0,0,0,0,0,0x0,NoRank,DRank,NoRank,NoRank,NoRank,NoRank,NoRank,NoRank,PrincessAnims|IsPointer,DismountMovementCosts|IsPointer,DismountMovementCosts|IsPointer,DismountMovementCosts|IsPointer,0x80C479,0x80C4BA,0x80C4FB,0x0
9E Princess,PrincessName,PrincessDesc,0x9E,0x03,0x00,0x00,0x8B,,18,6,6,7,6,0,8,,60,20,20,20,20,20,20,0x03,90,45,40,45,15,15,0,0,0,0,0,0,0,0x0,NoRank,DRank,NoRank,NoRank,NoRank,NoRank,NoRank,NoRank,PrincessAnims|IsPointer,DismountMovementCosts|IsPointer,DismountMovementCosts|IsPointer,DismountMovementCosts|IsPointer,0x80C479,0x80C4BA,0x80C4FB,0x0
9F Princess,PrincessName,PrincessDesc,0x9F,0x03,0x00,0x00,0x8B,,18,6,6,7,6,0,8,,60,20,20,20,20,20,20,0x03,90,45,40,45,15,15,0,0,0,0,0,0,0,0x0,NoRank,DRank,NoRank,NoRank,NoRank,NoRank,NoRank,NoRank,PrincessAnims|IsPointer,DismountMovementCosts|IsPointer,DismountMovementCosts|IsPointer,DismountMovementCosts|IsPointer,0x80C479,0x80C4BA,0x80C4FB,0x0
A0 Princess,PrincessName,PrincessDesc,0xA0,0x03,0x00,0x00,0x8B,,18,6,6,7,6,0,8,,60,20,20,20,20,20,20,0x03,90,45,40,45,15,15,0,0,0,0,0,0,0,0x0,NoRank,DRank,NoRank,NoRank,NoRank,NoRank,NoRank,NoRank,PrincessAnims|IsPointer,DismountMovementCosts|IsPointer,DismountMovementCosts|IsPointer,DismountMovementCosts|IsPointer,0x80C479,0x80C4BA,0x80C4FB,0x0
A1 Princess,PrincessName,PrincessDesc,0xA1,0x03,0x00,0x00,0x8B,,18,6,6,7,6,0,8,,60,20,20,20,20,20,20,0x03,90,45,40,45,15,15,0,0,0,0,0,0,0,0x0,NoRank,DRank,NoRank,NoRank,NoRank,NoRank,NoRank,NoRank,PrincessAnims|IsPointer,DismountMovementCosts|IsPointer,DismountMovementCosts|IsPointer,DismountMovementCosts|IsPointer,0x80C479,0x80C4BA,0x80C4FB,0x0
A2 Princess,PrincessName,PrincessDesc,0xA2,0x03,0x00,0x00,0x8B,,18,6,6,7,6,0,8,,60,20,20,20,20,20,20,0x03,90,45,40,45,15,15,0,0,0,0,0,0,0,0x0,NoRank,DRank,NoRank,NoRank,NoRank,NoRank,NoRank,NoRank,PrincessAnims|IsPointer,DismountMovementCosts|IsPointer,DismountMovementCosts|IsPointer,DismountMovementCosts|IsPointer,0x80C479,0x80C4BA,0x80C4FB,0x0
A3 Princess,PrincessName,PrincessDesc,0xA3,0x03,0x00,0x00,0x8B,,18,6,6,7,6,0,8,,60,20,20,20,20,20,20,0x03,90,45,40,45,15,15,0,0,0,0,0,0,0,0x0,NoRank,DRank,NoRank,NoRank,NoRank,NoRank,NoRank,NoRank,PrincessAnims|IsPointer,DismountMovementCosts|IsPointer,DismountMovementCosts|IsPointer,DismountMovementCosts|IsPointer,0x80C479,0x80C4BA,0x80C4FB,0x0
A4 Princess,PrincessName,PrincessDesc,0xA4,0x03,0x00,0x00,0x8B,,18,6,6,7,6,0,8,,60,20,20,20,20,20,20,0x03,90,45,40,45,15,15,0,0,0,0,0,0,0,0x0,NoRank,DRank,NoRank,NoRank,NoRank,NoRank,NoRank,NoRank,PrincessAnims|IsPointer,DismountMovementCosts|IsPointer,DismountMovementCosts|IsPointer,DismountMovementCosts|IsPointer,0x80C479,0x80C4BA,0x80C4FB,0x0
A5 Princess,PrincessName,PrincessDesc,0xA5,0x03,0x00,0x00,0x8B,,18,6,6,7,6,0,8,,60,20,20,20,20,20,20,0x03,90,45,40,45,15,15,0,0,0,0,0,0,0,0x0,NoRank,DRank,NoRank,NoRank,NoRank,NoRank,NoRank,NoRank,PrincessAnims|IsPointer,DismountMovementCosts|IsPointer,DismountMovementCosts|IsPointer,DismountMovementCosts|IsPointer,0x80C479,0x80C4BA,0x80C4FB,0x0
A6 Princess,PrincessName,PrincessDesc,0xA6,0x03,0x00,0x00,0x8B,,18,6,6,7,6,0,8,,60,20,20,20,20,20,20,0x03,90,45,40,45,15,15,0,0,0,0,0,0,0,0x0,NoRank,DRank,NoRank,NoRank,NoRank,NoRank,NoRank,NoRank,PrincessAnims|IsPointer,DismountMovementCosts|IsPointer,DismountMovementCosts|IsPointer,DismountMovementCosts|IsPointer,0x80C479,0x80C4BA,0x80C4FB,0x0
A7 Princess,PrincessName,PrincessDesc,0xA7,0x03,0x00,0x00,0x8B,,18,6,6,7,6,0,8,,60,20,20,20,20,20,20,0x03,90,45,40,45,15,15,0,0,0,0,0,0,0,0x0,NoRank,DRank,NoRank,NoRank,NoRank,NoRank,NoRank,NoRank,PrincessAnims|IsPointer,DismountMovementCosts|IsPointer,DismountMovementCosts|IsPointer,DismountMovementCosts|IsPointer,0x80C479,0x80C4BA,0x80C4FB,0x0
A8 Princess,PrincessName,PrincessDesc,0xA8,0x03,0x00,0x00,0x8B,,18,6,6,7,6,0,8,,60,20,20,20,20,20,20,0x03,90,45,40,45,15,15,0,0,0,0,0,0,0,0x0,NoRank,DRank,NoRank,NoRank,NoRank,NoRank,NoRank,NoRank,PrincessAnims|IsPointer,DismountMovementCosts|IsPointer,DismountMovementCosts|IsPointer,DismountMovementCosts|IsPointer,0x80C479,0x80C4BA,0x80C4FB,0x0
A9 Princess,PrincessName,PrincessDesc,0xA9,0x03,0x00,0x00,0x8B,,18,6,6,7,6,0,8,,60,20,20,20,20,20,20,0x03,90,45,40,45,15,15,0,0,0,0,0,0,0,0x0,NoRank,DRank,NoRank,NoRank,NoRank,NoRank,NoRank,NoRank,PrincessAnims|IsPointer,DismountMovementCosts|IsPointer,DismountMovementCosts|IsPointer,DismountMovementCosts|IsPointer,0x80C479,0x80C4BA,0x80C4FB,0x0
AA Princess,PrincessName,PrincessDesc,0xAA,0x03,0x00,0x00,0x8B,,18,6,6,7,6,0,8,,60,20,20,20,20,20,20,0x03,90,45,40,45,15,15,0,0,0,0,0,0,0,0x0,NoRank,DRank,NoRank,NoRank,NoRank,NoRank,NoRank,NoRank,PrincessAnims|IsPointer,DismountMovementCosts|IsPointer,DismountMovementCosts|IsPointer,DismountMovementCosts|IsPointer,0x80C479,0x80C4BA,0x80C4FB,0x0
AB Princess,PrincessName,PrincessDesc,0xAB,0x03,0x00,0x00,0x8B,,18,6,6,7,6,0,8,,60,20,20,20,20,20,20,0x03,90,45,40,45,15,15,0,0,0,0,0,0,0,0x0,NoRank,DRank,NoRank,NoRank,NoRank,NoRank,NoRank,NoRank,PrincessAnims|IsPointer,DismountMovementCosts|IsPointer,DismountMovementCosts|IsPointer,DismountMovementCosts|IsPointer,0x80C479,0x80C4BA,0x80C4FB,0x0
AC Princess,PrincessName,PrincessDesc,0xAC,0x03,0x00,0x00,0x8B,,18,6,6,7,6,0,8,,60,20,20,20,20,20,20,0x03,90,45,40,45,15,15,0,0,0,0,0,0,0,0x0,NoRank,DRank,NoRank,NoRank,NoRank,NoRank,NoRank,NoRank,PrincessAnims|IsPointer,DismountMovementCosts|IsPointer,DismountMovementCosts|IsPointer,DismountMovementCosts|IsPointer,0x80C479,0x80C4BA,0x80C4FB,0x0
AD Princess,PrincessName,PrincessDesc,0xAD,0x03,0x00,0x00,0x8B,,18,6,6,7,6,0,8,,60,20,20,20,20,20,20,0x03,90,45,40,45,15,15,0,0,0,0,0,0,0,0x0,NoRank,DRank,NoRank,NoRank,NoRank,NoRank,NoRank,NoRank,PrincessAnims|IsPointer,DismountMovementCosts|IsPointer,DismountMovementCosts|IsPointer,DismountMovementCosts|IsPointer,0x80C479,0x80C4BA,0x80C4FB,0x0
AE Princess,PrincessName,PrincessDesc,0xAE,0x03,0x00,0x00,0x8B,,18,6,6,7,6,0,8,,60,20,20,20,20,20,20,0x03,90,45,40,45,15,15,0,0,0,0,0,0,0,0x0,NoRank,DRank,NoRank,NoRank,NoRank,NoRank,NoRank,NoRank,PrincessAnims|IsPointer,DismountMovementCosts|IsPointer,DismountMovementCosts|IsPointer,DismountMovementCosts|IsPointer,0x80C479,0x80C4BA,0x80C4FB,0x0
AF Princess,PrincessName,PrincessDesc,0xAF,0x03,0x00,0x00,0x8B,,18,6,6,7,6,0,8,,60,20,20,20,20,20,20,0x03,90,45,40,45,15,15,0,0,0,0,0,0,0,0x0,NoRank,DRank,NoRank,NoRank,NoRank,NoRank,NoRank,NoRank,PrincessAnims|IsPointer,DismountMovementCosts|IsPointer,DismountMovementCosts|IsPointer,DismountMovementCosts|IsPointer,0x80C479,0x80C4BA,0x80C4FB,0x0
B0 Princess,PrincessName,PrincessDesc,0xB0,0x03,0x00,0x00,0x8B,,18,6,6,7,6,0,8,,60,20,20,20,20,20,20,0x03,90,45,40,45,15,15,0,0,0,0,0,0,0,0x0,NoRank,DRank,NoRank,NoRank,NoRank,NoRank,NoRank,NoRank,PrincessAnims|IsPointer,DismountMovementCosts|IsPointer,DismountMovementCosts|IsPointer,DismountMovementCosts|IsPointer,0x80C479,0x80C4BA,0x80C4FB,0x0
B1 Princess,PrincessName,PrincessDesc,0xB1,0x03,0x00,0x00,0x8B,,18,6,6,7,6,0,8,,60,20,20,20,20,20,20,0x03,90,45,40,45,15,15,0,0,0,0,0,0,0,0x0,NoRank,DRank,NoRank,NoRank,NoRank,NoRank,NoRank,NoRank,PrincessAnims|IsPointer,DismountMovementCosts|IsPointer,DismountMovementCosts|IsPointer,DismountMovementCosts|IsPointer,0x80C479,0x80C4BA,0x80C4FB,0x0
B2 Princess,PrincessName,PrincessDesc,0xB2,0x03,0x00,0x00,0x8B,,18,6,6,7,6,0,8,,60,20,20,20,20,20,20,0x03,90,45,40,45,15,15,0,0,0,0,0,0,0,0x0,NoRank,DRank,NoRank,NoRank,NoRank,NoRank,NoRank,NoRank,PrincessAnims|IsPointer,DismountMovementCosts|IsPointer,DismountMovementCosts|IsPointer,DismountMovementCosts|IsPointer,0x80C479,0x80C4BA,0x80C4FB,0x0
B3 Princess,PrincessName,PrincessDesc,0xB3,0x03,0x00,0x00,0x8B,,18,6,6,7,6,0,8,,60,20,20,20,20,20,20,0x03,90,45,40,45,15,15,0,0,0,0,0,0,0,0x0,NoRank,DRank,NoRank,NoRank,NoRank,NoRank,NoRank,NoRank,PrincessAnims|IsPointer,DismountMovementCosts|IsPointer,DismountMovementCosts|IsPointer,DismountMovementCosts|IsPointer,0x80C479,0x80C4BA,0x80C4FB,0x0
B4 Princess,PrincessName,PrincessDesc,0xB4,0x03,0x00,0x00,0x8B,,18,6,6,7,6,0,8,,60,20,20,20,20,20,20,0x03,90,45,40,45,15,15,0,0,0,0,0,0,0,0x0,NoRank,DRank,NoRank,NoRank,NoRank,NoRank,NoRank,NoRank,PrincessAnims|IsPointer,DismountMovementCosts|IsPointer,DismountMovementCosts|IsPointer,DismountMovementCosts|IsPointer,0x80C479,0x80C4BA,0x80C4FB,0x0
B5 Princess,PrincessName,PrincessDesc,0xB5,0x03,0x00,0x00,0x8B,,18,6,6,7,6,0,8,,60,20,20,20,20,20,20,0x03,90,45,40,45,15,15,0,0,0,0,0,0,0,0x0,NoRank,DRank,NoRank,NoRank,NoRank,NoRank,NoRank,NoRank,PrincessAnims|IsPointer,DismountMovementCosts|IsPointer,DismountMovementCosts|IsPointer,DismountMovementCosts|IsPointer,0x80C479,0x80C4BA,0x80C4FB,0x0
B6 Princess,PrincessName,PrincessDesc,0xB6,0x03,0x00,0x00,0x8B,,18,6,6,7,6,0,8,,60,20,20,20,20,20,20,0x03,90,45,40,45,15,15,0,0,0,0,0,0,0,0x0,NoRank,DRank,NoRank,NoRank,NoRank,NoRank,NoRank,NoRank,PrincessAnims|IsPointer,DismountMovementCosts|IsPointer,DismountMovementCosts|IsPointer,DismountMovementCosts|IsPointer,0x80C479,0x80C4BA,0x80C4FB,0x0
B7 Princess,PrincessName,PrincessDesc,0xB7,0x03,0x00,0x00,0x8B,,18,6,6,7,6,0,8,,60,20,20,20,20,20,20,0x03,90,45,40,45,15,15,0,0,0,0,0,0,0,0x0,NoRank,DRank,NoRank,NoRank,NoRank,NoRank,NoRank,NoRank,PrincessAnims|IsPointer,DismountMovementCosts|IsPointer,DismountMovementCosts|IsPointer,DismountMovementCosts|IsPointer,0x80C479,0x80C4BA,0x80C4FB,0x0
B8 Princess,PrincessName,PrincessDesc,0xB8,0x03,0x00,0x00,0x8B,,18,6,6,7,6,0,8,,60,20,20,20,20,20,20,0x03,90,45,40,45,15,15,0,0,0,0,0,0,0,0x0,NoRank,DRank,NoRank,NoRank,NoRank,NoRank,NoRank,NoRank,PrincessAnims|IsPointer,DismountMovementCosts|IsPointer,DismountMovementCosts|IsPointer,DismountMovementCosts|IsPointer,0x80C479,0x80C4BA,0x80C4FB,0x0
B9 Princess,PrincessName,PrincessDesc,0xB9,0x03,0x00,0x00,0x8B,,18,6,6,7,6,0,8,,60,20,20,20,20,20,20,0x03,90,45,40,45,15,15,0,0,0,0,0,0,0,0x0,NoRank,DRank,NoRank,NoRank,NoRank,NoRank,NoRank,NoRank,PrincessAnims|IsPointer,DismountMovementCosts|IsPointer,DismountMovementCosts|IsPointer,DismountMovementCosts|IsPointer,0x80C479,0x80C4BA,0x80C4FB,0x0
BA Princess,PrincessName,PrincessDesc,0xBA,0x03,0x00,0x00,0x8B,,18,6,6,7,6,0,8,,60,20,20,20,20,20,20,0x03,90,45,40,45,15,15,0,0,0,0,0,0,0,0x0,NoRank,DRank,NoRank,NoRank,NoRank,NoRank,NoRank,NoRank,PrincessAnims|IsPointer,DismountMovementCosts|IsPointer,DismountMovementCosts|IsPointer,DismountMovementCosts|IsPointer,0x80C479,0x80C4BA,0x80C4FB,0x0
BB Princess,PrincessName,PrincessDesc,0xBB,0x03,0x00,0x00,0x8B,,18,6,6,7,6,0,8,,60,20,20,20,20,20,20,0x03,90,45,40,45,15,15,0,0,0,0,0,0,0,0x0,NoRank,DRank,NoRank,NoRank,NoRank,NoRank,NoRank,NoRank,PrincessAnims|IsPointer,DismountMovementCosts|IsPointer,DismountMovementCosts|IsPointer,DismountMovementCosts|IsPointer,0x80C479,0x80C4BA,0x80C4FB,0x0
BC Princess,PrincessName,PrincessDesc,0xBC,0x03,0x00,0x00,0x8B,,18,6,6,7,6,0,8,,60,20,20,20,20,20,20,0x03,90,45,40,45,15,15,0,0,0,0,0,0,0,0x0,NoRank,DRank,NoRank,NoRank,NoRank,NoRank,NoRank,NoRank,PrincessAnims|IsPointer,DismountMovementCosts|IsPointer,DismountMovementCosts|IsPointer,DismountMovementCosts|IsPointer,0x80C479,0x80C4BA,0x80C4FB,0x0
BD Princess,PrincessName,PrincessDesc,0xBD,0x03,0x00,0x00,0x8B,,18,6,6,7,6,0,8,,60,20,20,20,20,20,20,0x03,90,45,40,45,15,15,0,0,0,0,0,0,0,0x0,NoRank,DRank,NoRank,NoRank,NoRank,NoRank,NoRank,NoRank,PrincessAnims|IsPointer,DismountMovementCosts|IsPointer,DismountMovementCosts|IsPointer,DismountMovementCosts|IsPointer,0x80C479,0x80C4BA,0x80C4FB,0x0
BE Princess,PrincessName,PrincessDesc,0xBE,0x03,0x00,0x00,0x8B,,18,6,6,7,6,0,8,,60,20,20,20,20,20,20,0x03,90,45,40,45,15,15,0,0,0,0,0,0,0,0x0,NoRank,DRank,NoRank,NoRank,NoRank,NoRank,NoRank,NoRank,PrincessAnims|IsPointer,DismountMovementCosts|IsPointer,DismountMovementCosts|IsPointer,DismountMovementCosts|IsPointer,0x80C479,0x80C4BA,0x80C4FB,0x0
BF Princess,PrincessName,PrincessDesc,0xBF,0x03,0x00,0x00,0x8B,,18,6,6,7,6,0,8,,60,20,20,20,20,20,20,0x03,90,45,40,45,15,15,0,0,0,0,0,0,0,0x0,NoRank,DRank,NoRank,NoRank,NoRank,NoRank,NoRank,NoRank,PrincessAnims|IsPointer,DismountMovementCosts|IsPointer,DismountMovementCosts|IsPointer,DismountMovementCosts|IsPointer,0x80C479,0x80C4BA,0x80C4FB,0x0
C0 Princess,PrincessName,PrincessDesc,0xC0,0x03,0x00,0x00,0x8B,,18,6,6,7,6,0,8,,60,20,20,20,20,20,20,0x03,90,45,40,45,15,15,0,0,0,0,0,0,0,0x0,NoRank,DRank,NoRank,NoRank,NoRank,NoRank,NoRank,NoRank,PrincessAnims|IsPointer,DismountMovementCosts|IsPointer,DismountMovementCosts|IsPointer,DismountMovementCosts|IsPointer,0x80C479,0x80C4BA,0x80C4FB,0x0
C1 Princess,PrincessName,PrincessDesc,0xC1,0x03,0x00,0x00,0x8B,,18,6,6,7,6,0,8,,60,20,20,20,20,20,20,0x03,90,45,40,45,15,15,0,0,0,0,0,0,0,0x0,NoRank,DRank,NoRank,NoRank,NoRank,NoRank,NoRank,NoRank,PrincessAnims|IsPointer,DismountMovementCosts|IsPointer,DismountMovementCosts|IsPointer,DismountMovementCosts|IsPointer,0x80C479,0x80C4BA,0x80C4FB,0x0
C2 Princess,PrincessName,PrincessDesc,0xC2,0x03,0x00,0x00,0x8B,,18,6,6,7,6,0,8,,60,20,20,20,20,20,20,0x03,90,45,40,45,15,15,0,0,0,0,0,0,0,0x0,NoRank,DRank,NoRank,NoRank,NoRank,NoRank,NoRank,NoRank,PrincessAnims|IsPointer,DismountMovementCosts|IsPointer,DismountMovementCosts|IsPointer,DismountMovementCosts|IsPointer,0x80C479,0x80C4BA,0x80C4FB,0x0
C3 Princess,PrincessName,PrincessDesc,0xC3,0x03,0x00,0x00,0x8B,,18,6,6,7,6,0,8,,60,20,20,20,20,20,20,0x03,90,45,40,45,15,15,0,0,0,0,0,0,0,0x0,NoRank,DRank,NoRank,NoRank,NoRank,NoRank,NoRank,NoRank,PrincessAnims|IsPointer,DismountMovementCosts|IsPointer,DismountMovementCosts|IsPointer,DismountMovementCosts|IsPointer,0x80C479,0x80C4BA,0x80C4FB,0x0
C4 Princess,PrincessName,PrincessDesc,0xC4,0x03,0x00,0x00,0x8B,,18,6,6,7,6,0,8,,60,20,20,20,20,20,20,0x03,90,45,40,45,15,15,0,0,0,0,0,0,0,0x0,NoRank,DRank,NoRank,NoRank,NoRank,NoRank,NoRank,NoRank,PrincessAnims|IsPointer,DismountMovementCosts|IsPointer,DismountMovementCosts|IsPointer,DismountMovementCosts|IsPointer,0x80C479,0x80C4BA,0x80C4FB,0x0
C5 Princess,PrincessName,PrincessDesc,0xC5,0x03,0x00,0x00,0x8B,,18,6,6,7,6,0,8,,60,20,20,20,20,20,20,0x03,90,45,40,45,15,15,0,0,0,0,0,0,0,0x0,NoRank,DRank,NoRank,NoRank,NoRank,NoRank,NoRank,NoRank,PrincessAnims|IsPointer,DismountMovementCosts|IsPointer,DismountMovementCosts|IsPointer,DismountMovementCosts|IsPointer,0x80C479,0x80C4BA,0x80C4FB,0x0
C6 Princess,PrincessName,PrincessDesc,0xC6,0x03,0x00,0x00,0x8B,,18,6,6,7,6,0,8,,60,20,20,20,20,20,20,0x03,90,45,40,45,15,15,0,0,0,0,0,0,0,0x0,NoRank,DRank,NoRank,NoRank,NoRank,NoRank,NoRank,NoRank,PrincessAnims|IsPointer,DismountMovementCosts|IsPointer,DismountMovementCosts|IsPointer,DismountMovementCosts|IsPointer,0x80C479,0x80C4BA,0x80C4FB,0x0
C7 Princess,PrincessName,PrincessDesc,0xC7,0x03,0x00,0x00,0x8B,,18,6,6,7,6,0,8,,60,20,20,20,20,20,20,0x03,90,45,40,45,15,15,0,0,0,0,0,0,0,0x0,NoRank,DRank,NoRank,NoRank,NoRank,NoRank,NoRank,NoRank,PrincessAnims|IsPointer,DismountMovementCosts|IsPointer,DismountMovementCosts|IsPointer,DismountMovementCosts|IsPointer,0x80C479,0x80C4BA,0x80C4FB,0x0
C8 Princess,PrincessName,PrincessDesc,0xC8,0x03,0x00,0x00,0x8B,,18,6,6,7,6,0,8,,60,20,20,20,20,20,20,0x03,90,45,40,45,15,15,0,0,0,0,0,0,0,0x0,NoRank,DRank,NoRank,NoRank,NoRank,NoRank,NoRank,NoRank,PrincessAnims|IsPointer,DismountMovementCosts|IsPointer,DismountMovementCosts|IsPointer,DismountMovementCosts|IsPointer,0x80C479,0x80C4BA,0x80C4FB,0x0
C9 Princess,PrincessName,PrincessDesc,0xC9,0x03,0x00,0x00,0x8B,,18,6,6,7,6,0,8,,60,20,20,20,20,20,20,0x03,90,45,40,45,15,15,0,0,0,0,0,0,0,0x0,NoRank,DRank,NoRank,NoRank,NoRank,NoRank,NoRank,NoRank,PrincessAnims|IsPointer,DismountMovementCosts|IsPointer,DismountMovementCosts|IsPointer,DismountMovementCosts|IsPointer,0x80C479,0x80C4BA,0x80C4FB,0x0
CA Princess,PrincessName,PrincessDesc,0xCA,0x03,0x00,0x00,0x8B,,18,6,6,7,6,0,8,,60,20,20,20,20,20,20,0x03,90,45,40,45,15,15,0,0,0,0,0,0,0,0x0,NoRank,DRank,NoRank,NoRank,NoRank,NoRank,NoRank,NoRank,PrincessAnims|IsPointer,DismountMovementCosts|IsPointer,DismountMovementCosts|IsPointer,DismountMovementCosts|IsPointer,0x80C479,0x80C4BA,0x80C4FB,0x0
CB Princess,PrincessName,PrincessDesc,0xCB,0x03,0x00,0x00,0x8B,,18,6,6,7,6,0,8,,60,20,20,20,20,20,20,0x03,90,45,40,45,15,15,0,0,0,0,0,0,0,0x0,NoRank,DRank,NoRank,NoRank,NoRank,NoRank,NoRank,NoRank,PrincessAnims|IsPointer,DismountMovementCosts|IsPointer,DismountMovementCosts|IsPointer,DismountMovementCosts|IsPointer,0x80C479,0x80C4BA,0x80C4FB,0x0
CC Princess,PrincessName,PrincessDesc,0xCC,0x03,0x00,0x00,0x8B,,18,6,6,7,6,0,8,,60,20,20,20,20,20,20,0x03,90,45,40,45,15,15,0,0,0,0,0,0,0,0x0,NoRank,DRank,NoRank,NoRank,NoRank,NoRank,NoRank,NoRank,PrincessAnims|IsPointer,DismountMovementCosts|IsPointer,DismountMovementCosts|IsPointer,DismountMovementCosts|IsPointer,0x80C479,0x80C4BA,0x80C4FB,0x0
CD Princess,PrincessName,PrincessDesc,0xCD,0x03,0x00,0x00,0x8B,,18,6,6,7,6,0,8,,60,20,20,20,20,20,20,0x03,90,45,40,45,15,15,0,0,0,0,0,0,0,0x0,NoRank,DRank,NoRank,NoRank,NoRank,NoRank,NoRank,NoRank,PrincessAnims|IsPointer,DismountMovementCosts|IsPointer,DismountMovementCosts|IsPointer,DismountMovementCosts|IsPointer,0x80C479,0x80C4BA,0x80C4FB,0x0
CE Princess,PrincessName,PrincessDesc,0xCE,0x03,0x00,0x00,0x8B,,18,6,6,7,6,0,8,,60,20,20,20,20,20,20,0x03,90,45,40,45,15,15,0,0,0,0,0,0,0,0x0,NoRank,DRank,NoRank,NoRank,NoRank,NoRank,NoRank,NoRank,PrincessAnims|IsPointer,DismountMovementCosts|IsPointer,DismountMovementCosts|IsPointer,DismountMovementCosts|IsPointer,0x80C479,0x80C4BA,0x80C4FB,0x0
CF Princess,PrincessName,PrincessDesc,0xCF,0x03,0x00,0x00,0x8B,,18,6,6,7,6,0,8,,60,20,20,20,20,20,20,0x03,90,45,40,45,15,15,0,0,0,0,0,0,0,0x0,NoRank,DRank,NoRank,NoRank,NoRank,NoRank,NoRank,NoRank,PrincessAnims|IsPointer,DismountMovementCosts|IsPointer,DismountMovementCosts|IsPointer,DismountMovementCosts|IsPointer,0x80C479,0x80C4BA,0x80C4FB,0x0
D0 Princess,PrincessName,PrincessDesc,0xD0,0x03,0x00,0x00,0x8B,,18,6,6,7,6,0,8,,60,20,20,20,20,20,20,0x03,90,45,40,45,15,15,0,0,0,0,0,0,0,0x0,NoRank,DRank,NoRank,NoRank,NoRank,NoRank,NoRank,NoRank,PrincessAnims|IsPointer,DismountMovementCosts|IsPointer,DismountMovementCosts|IsPointer,DismountMovementCosts|IsPointer,0x80C479,0x80C4BA,0x80C4FB,0x0
D1 Princess,PrincessName,PrincessDesc,0xD1,0x03,0x00,0x00,0x8B,,18,6,6,7,6,0,8,,60,20,20,20,20,20,20,0x03,90,45,40,45,15,15,0,0,0,0,0,0,0,0x0,NoRank,DRank,NoRank,NoRank,NoRank,NoRank,NoRank,NoRank,PrincessAnims|IsPointer,DismountMovementCosts|IsPointer,DismountMovementCosts|IsPointer,DismountMovementCosts|IsPointer,0x80C479,0x80C4BA,0x80C4FB,0x0
D2 Princess,PrincessName,PrincessDesc,0xD2,0x03,0x00,0x00,0x8B,,18,6,6,7,6,0,8,,60,20,20,20,20,20,20,0x03,90,45,40,45,15,15,0,0,0,0,0,0,0,0x0,NoRank,DRank,NoRank,NoRank,NoRank,NoRank,NoRank,NoRank,PrincessAnims|IsPointer,DismountMovementCosts|IsPointer,DismountMovementCosts|IsPointer,DismountMovementCosts|IsPointer,0x80C479,0x80C4BA,0x80C4FB,0x0
D3 Princess,PrincessName,PrincessDesc,0xD3,0x03,0x00,0x00,0x8B,,18,6,6,7,6,0,8,,60,20,20,20,20,20,20,0x03,90,45,40,45,15,15,0,0,0,0,0,0,0,0x0,NoRank,DRank,NoRank,NoRank,NoRank,NoRank,NoRank,NoRank,PrincessAnims|IsPointer,DismountMovementCosts|IsPointer,DismountMovementCosts|IsPointer,DismountMovementCosts|IsPointer,0x80C479,0x80C4BA,0x80C4FB,0x0
D4 Princess,PrincessName,PrincessDesc,0xD4,0x03,0x00,0x00,0x8B,,18,6,6,7,6,0,8,,60,20,20,20,20,20,20,0x03,90,45,40,45,15,15,0,0,0,0,0,0,0,0x0,NoRank,DRank,NoRank,NoRank,NoRank,NoRank,NoRank,NoRank,PrincessAnims|IsPointer,DismountMovementCosts|IsPointer,DismountMovementCosts|IsPointer,DismountMovementCosts|IsPointer,0x80C479,0x80C4BA,0x80C4FB,0x0
D5 Princess,PrincessName,PrincessDesc,0xD5,0x03,0x00,0x00,0x8B,,18,6,6,7,6,0,8,,60,20,20,20,20,20,20,0x03,90,45,40,45,15,15,0,0,0,0,0,0,0,0x0,NoRank,DRank,NoRank,NoRank,NoRank,NoRank,NoRank,NoRank,PrincessAnims|IsPointer,DismountMovementCosts|IsPointer,DismountMovementCosts|IsPointer,DismountMovementCosts|IsPointer,0x80C479,0x80C4BA,0x80C4FB,0x0
D6 Princess,PrincessName,PrincessDesc,0xD6,0x03,0x00,0x00,0x8B,,18,6,6,7,6,0,8,,60,20,20,20,20,20,20,0x03,90,45,40,45,15,15,0,0,0,0,0,0,0,0x0,NoRank,DRank,NoRank,NoRank,NoRank,NoRank,NoRank,NoRank,PrincessAnims|IsPointer,DismountMovementCosts|IsPointer,DismountMovementCosts|IsPointer,DismountMovementCosts|IsPointer,0x80C479,0x80C4BA,0x80C4FB,0x0
D7 Princess,PrincessName,PrincessDesc,0xD7,0x03,0x00,0x00,0x8B,,18,6,6,7,6,0,8,,60,20,20,20,20,20,20,0x03,90,45,40,45,15,15,0,0,0,0,0,0,0,0x0,NoRank,DRank,NoRank,NoRank,NoRank,NoRank,NoRank,NoRank,PrincessAnims|IsPointer,DismountMovementCosts|IsPointer,DismountMovementCosts|IsPointer,DismountMovementCosts|IsPointer,0x80C479,0x80C4BA,0x80C4FB,0x0
D8 Princess,PrincessName,PrincessDesc,0xD8,0x03,0x00,0x00,0x8B,,18,6,6,7,6,0,8,,60,20,20,20,20,20,20,0x03,90,45,40,45,15,15,0,0,0,0,0,0,0,0x0,NoRank,DRank,NoRank,NoRank,NoRank,NoRank,NoRank,NoRank,PrincessAnims|IsPointer,DismountMovementCosts|IsPointer,DismountMovementCosts|IsPointer,DismountMovementCosts|IsPointer,0x80C479,0x80C4BA,0x80C4FB,0x0
D9 Princess,PrincessName,PrincessDesc,0xD9,0x03,0x00,0x00,0x8B,,18,6,6,7,6,0,8,,60,20,20,20,20,20,20,0x03,90,45,40,45,15,15,0,0,0,0,0,0,0,0x0,NoRank,DRank,NoRank,NoRank,NoRank,NoRank,NoRank,NoRank,PrincessAnims|IsPointer,DismountMovementCosts|IsPointer,DismountMovementCosts|IsPointer,DismountMovementCosts|IsPointer,0x80C479,0x80C4BA,0x80C4FB,0x0
DA Princess,PrincessName,PrincessDesc,0xDA,0x03,0x00,0x00,0x8B,,18,6,6,7,6,0,8,,60,20,20,20,20,20,20,0x03,90,45,40,45,15,15,0,0,0,0,0,0,0,0x0,NoRank,DRank,NoRank,NoRank,NoRank,NoRank,NoRank,NoRank,PrincessAnims|IsPointer,DismountMovementCosts|IsPointer,DismountMovementCosts|IsPointer,DismountMovementCosts|IsPointer,0x80C479,0x80C4BA,0x80C4FB,0x0
DB Princess,PrincessName,PrincessDesc,0xDB,0x03,0x00,0x00,0x8B,,18,6,6,7,6,0,8,,60,20,20,20,20,20,20,0x03,90,45,40,45,15,15,0,0,0,0,0,0,0,0x0,NoRank,DRank,NoRank,NoRank,NoRank,NoRank,NoRank,NoRank,PrincessAnims|IsPointer,DismountMovementCosts|IsPointer,DismountMovementCosts|IsPointer,DismountMovementCosts|IsPointer,0x80C479,0x80C4BA,0x80C4FB,0x0
DC Princess,PrincessName,PrincessDesc,0xDC,0x03,0x00,0x00,0x8B,,18,6,6,7,6,0,8,,60,20,20,20,20,20,20,0x03,90,45,40,45,15,15,0,0,0,0,0,0,0,0x0,NoRank,DRank,NoRank,NoRank,NoRank,NoRank,NoRank,NoRank,PrincessAnims|IsPointer,DismountMovementCosts|IsPointer,DismountMovementCosts|IsPointer,DismountMovementCosts|IsPointer,0x80C479,0x80C4BA,0x80C4FB,0x0
DD Princess,PrincessName,PrincessDesc,0xDD,0x03,0x00,0x00,0x8B,,18,6,6,7,6,0,8,,60,20,20,20,20,20,20,0x03,90,45,40,45,15,15,0,0,0,0,0,0,0,0x0,NoRank,DRank,NoRank,NoRank,NoRank,NoRank,NoRank,NoRank,PrincessAnims|IsPointer,DismountMovementCosts|IsPointer,DismountMovementCosts|IsPointer,DismountMovementCosts|IsPointer,0x80C479,0x80C4BA,0x80C4FB,0x0
DE Princess,PrincessName,PrincessDesc,0xDE,0x03,0x00,0x00,0x8B,,18,6,6,7,6,0,8,,60,20,20,20,20,20,20,0x03,90,45,40,45,15,15,0,0,0,0,0,0,0,0x0,NoRank,DRank,NoRank,NoRank,NoRank,NoRank,NoRank,NoRank,PrincessAnims|IsPointer,DismountMovementCosts|IsPointer,DismountMovementCosts|IsPointer,DismountMovementCosts|IsPointer,0x80C479,0x80C4BA,0x80C4FB,0x0
DF Princess,PrincessName,PrincessDesc,0xDF,0x03,0x00,0x00,0x8B,,18,6,6,7,6,0,8,,60,20,20,20,20,20,20,0x03,90,45,40,45,15,15,0,0,0,0,0,0,0,0x0,NoRank,DRank,NoRank,NoRank,NoRank,NoRank,NoRank,NoRank,PrincessAnims|IsPointer,DismountMovementCosts|IsPointer,DismountMovementCosts|IsPointer,DismountMovementCosts|IsPointer,0x80C479,0x80C4BA,0x80C4FB,0x0
E0 Princess,PrincessName,PrincessDesc,0xE0,0x03,0x00,0x00,0x8B,,18,6,6,7,6,0,8,,60,20,20,20,20,20,20,0x03,90,45,40,45,15,15,0,0,0,0,0,0,0,0x0,NoRank,DRank,NoRank,NoRank,NoRank,NoRank,NoRank,NoRank,PrincessAnims|IsPointer,DismountMovementCosts|IsPointer,DismountMovementCosts|IsPointer,DismountMovementCosts|IsPointer,0x80C479,0x80C4BA,0x80C4FB,0x0
E1 Princess,PrincessName,PrincessDesc,0xE1,0x03,0x00,0x00,0x8B,,18,6,6,7,6,0,8,,60,20,20,20,20,20,20,0x03,90,45,40,45,15,15,0,0,0,0,0,0,0,0x0,NoRank,DRank,NoRank,NoRank,NoRank,NoRank,NoRank,NoRank,PrincessAnims|IsPointer,DismountMovementCosts|IsPointer,DismountMovementCosts|IsPointer,DismountMovementCosts|IsPointer,0x80C479,0x80C4BA,0x80C4FB,0x0
E2 Princess,PrincessName,PrincessDesc,0xE2,0x03,0x00,0x00,0x8B,,18,6,6,7,6,0,8,,60,20,20,20,20,20,20,0x03,90,45,40,45,15,15,0,0,0,0,0,0,0,0x0,NoRank,DRank,NoRank,NoRank,NoRank,NoRank,NoRank,NoRank,PrincessAnims|IsPointer,DismountMovementCosts|IsPointer,DismountMovementCosts|IsPointer,DismountMovementCosts|IsPointer,0x80C479,0x80C4BA,0x80C4FB,0x0
E3 Princess,PrincessName,PrincessDesc,0xE3,0x03,0x00,0x00,0x8B,,18,6,6,7,6,0,8,,60,20,20,20,20,20,20,0x03,90,45,40,45,15,15,0,0,0,0,0,0,0,0x0,NoRank,DRank,NoRank,NoRank,NoRank,NoRank,NoRank,NoRank,PrincessAnims|IsPointer,DismountMovementCosts|IsPointer,DismountMovementCosts|IsPointer,DismountMovementCosts|IsPointer,0x80C479,0x80C4BA,0x80C4FB,0x0
E4 Princess,PrincessName,PrincessDesc,0xE4,0x03,0x00,0x00,0x8B,,18,6,6,7,6,0,8,,60,20,20,20,20,20,20,0x03,90,45,40,45,15,15,0,0,0,0,0,0,0,0x0,NoRank,DRank,NoRank,NoRank,NoRank,NoRank,NoRank,NoRank,PrincessAnims|IsPointer,DismountMovementCosts|IsPointer,DismountMovementCosts|IsPointer,DismountMovementCosts|IsPointer,0x80C479,0x80C4BA,0x80C4FB,0x0
E5 Princess,PrincessName,PrincessDesc,0xE5,0x03,0x00,0x00,0x8B,,18,6,6,7,6,0,8,,60,20,20,20,20,20,20,0x03,90,45,40,45,15,15,0,0,0,0,0,0,0,0x0,NoRank,DRank,NoRank,NoRank,NoRank,NoRank,NoRank,NoRank,PrincessAnims|IsPointer,DismountMovementCosts|IsPointer,DismountMovementCosts|IsPointer,DismountMovementCosts|IsPointer,0x80C479,0x80C4BA,0x80C4FB,0x0
E6 Princess,PrincessName,PrincessDesc,0xE6,0x03,0x00,0x00,0x8B,,18,6,6,7,6,0,8,,60,20,20,20,20,20,20,0x03,90,45,40,45,15,15,0,0,0,0,0,0,0,0x0,NoRank,DRank,NoRank,NoRank,NoRank,NoRank,NoRank,NoRank,PrincessAnims|IsPointer,DismountMovementCosts|IsPointer,DismountMovementCosts|IsPointer,DismountMovementCosts|IsPointer,0x80C479,0x80C4BA,0x80C4FB,0x0
E7 Princess,PrincessName,PrincessDesc,0xE7,0x03,0x00,0x00,0x8B,,18,6,6,7,6,0,8,,60,20,20,20,20,20,20,0x03,90,45,40,45,15,15,0,0,0,0,0,0,0,0x0,NoRank,DRank,NoRank,NoRank,NoRank,NoRank,NoRank,NoRank,PrincessAnims|IsPointer,DismountMovementCosts|IsPointer,DismountMovementCosts|IsPointer,DismountMovementCosts|IsPointer,0x80C479,0x80C4BA,0x80C4FB,0x0
E8 Princess,PrincessName,PrincessDesc,0xE8,0x03,0x00,0x00,0x8B,,18,6,6,7,6,0,8,,60,20,20,20,20,20,20,0x03,90,45,40,45,15,15,0,0,0,0,0,0,0,0x0,NoRank,DRank,NoRank,NoRank,NoRank,NoRank,NoRank,NoRank,PrincessAnims|IsPointer,DismountMovementCosts|IsPointer,DismountMovementCosts|IsPointer,DismountMovementCosts|IsPointer,0x80C479,0x80C4BA,0x80C4FB,0x0
E9 Princess,PrincessName,PrincessDesc,0xE9,0x03,0x00,0x00,0x8B,,18,6,6,7,6,0,8,,60,20,20,20,20,20,20,0x03,90,45,40,45,15,15,0,0,0,0,0,0,0,0x0,NoRank,DRank,NoRank,NoRank,NoRank,NoRank,NoRank,NoRank,PrincessAnims|IsPointer,DismountMovementCosts|IsPointer,DismountMovementCosts|IsPointer,DismountMovementCosts|IsPointer,0x80C479,0x80C4BA,0x80C4FB,0x0
EA Princess,PrincessName,PrincessDesc,0xEA,0x03,0x00,0x00,0x8B,,18,6,6,7,6,0,8,,60,20,20,20,20,20,20,0x03,90,45,40,45,15,15,0,0,0,0,0,0,0,0x0,NoRank,DRank,NoRank,NoRank,NoRank,NoRank,NoRank,NoRank,PrincessAnims|IsPointer,DismountMovementCosts|IsPointer,DismountMovementCosts|IsPointer,DismountMovementCosts|IsPointer,0x80C479,0x80C4BA,0x80C4FB,0x0
EB Princess,PrincessName,PrincessDesc,0xEB,0x03,0x00,0x00,0x8B,,18,6,6,7,6,0,8,,60,20,20,20,20,20,20,0x03,90,45,40,45,15,15,0,0,0,0,0,0,0,0x0,NoRank,DRank,NoRank,NoRank,NoRank,NoRank,NoRank,NoRank,PrincessAnims|IsPointer,DismountMovementCosts|IsPointer,DismountMovementCosts|IsPointer,DismountMovementCosts|IsPointer,0x80C479,0x80C4BA,0x80C4FB,0x0
EC Princess,PrincessName,PrincessDesc,0xEC,0x03,0x00,0x00,0x8B,,18,6,6,7,6,0,8,,60,20,20,20,20,20,20,0x03,90,45,40,45,15,15,0,0,0,0,0,0,0,0x0,NoRank,DRank,NoRank,NoRank,NoRank,NoRank,NoRank,NoRank,PrincessAnims|IsPointer,DismountMovementCosts|IsPointer,DismountMovementCosts|IsPointer,DismountMovementCosts|IsPointer,0x80C479,0x80C4BA,0x80C4FB,0x0
ED Princess,PrincessName,PrincessDesc,0xED,0x03,0x00,0x00,0x8B,,18,6,6,7,6,0,8,,60,20,20,20,20,20,20,0x03,90,45,40,45,15,15,0,0,0,0,0,0,0,0x0,NoRank,DRank,NoRank,NoRank,NoRank,NoRank,NoRank,NoRank,PrincessAnims|IsPointer,DismountMovementCosts|IsPointer,DismountMovementCosts|IsPointer,DismountMovementCosts|IsPointer,0x80C479,0x80C4BA,0x80C4FB,0x0
EE Princess,PrincessName,PrincessDesc,0xEE,0x03,0x00,0x00,0x8B,,18,6,6,7,6,0,8,,60,20,20,20,20,20,20,0x03,90,45,40,45,15,15,0,0,0,0,0,0,0,0x0,NoRank,DRank,NoRank,NoRank,NoRank,NoRank,NoRank,NoRank,PrincessAnims|IsPointer,DismountMovementCosts|IsPointer,DismountMovementCosts|IsPointer,DismountMovementCosts|IsPointer,0x80C479,0x80C4BA,0x80C4FB,0x0
EF Princess,PrincessName,PrincessDesc,0xEF,0x03,0x00,0x00,0x8B,,18,6,6,7,6,0,8,,60,20,20,20,20,20,20,0x03,90,45,40,45,15,15,0,0,0,0,0,0,0,0x0,NoRank,DRank,NoRank,NoRank,NoRank,NoRank,NoRank,NoRank,PrincessAnims|IsPointer,DismountMovementCosts|IsPointer,DismountMovementCosts|IsPointer,DismountMovementCosts|IsPointer,0x80C479,0x80C4BA,0x80C4FB,0x0
F0 Princess,PrincessName,PrincessDesc,0xF0,0x03,0x00,0x00,0x8B,,18,6,6,7,6,0,8,,60,20,20,20,20,20,20,0x03,90,45,40,45,15,15,0,0,0,0,0,0,0,0x0,NoRank,DRank,NoRank,NoRank,NoRank,NoRank,NoRank,NoRank,PrincessAnims|IsPointer,DismountMovementCosts|IsPointer,DismountMovementCosts|IsPointer,DismountMovementCosts|IsPointer,0x80C479,0x80C4BA,0x80C4FB,0x0
F1 Princess,PrincessName,PrincessDesc,0xF1,0x03,0x00,0x00,0x8B,,18,6,6,7,6,0,8,,60,20,20,20,20,20,20,0x03,90,45,40,45,15,15,0,0,0,0,0,0,0,0x0,NoRank,DRank,NoRank,NoRank,NoRank,NoRank,NoRank,NoRank,PrincessAnims|IsPointer,DismountMovementCosts|IsPointer,DismountMovementCosts|IsPointer,DismountMovementCosts|IsPointer,0x80C479,0x80C4BA,0x80C4FB,0x0
F2 Princess,PrincessName,PrincessDesc,0xF2,0x03,0x00,0x00,0x8B,,18,6,6,7,6,0,8,,60,20,20,20,20,20,20,0x03,90,45,40,45,15,15,0,0,0,0,0,0,0,0x0,NoRank,DRank,NoRank,NoRank,NoRank,NoRank,NoRank,NoRank,PrincessAnims|IsPointer,DismountMovementCosts|IsPointer,DismountMovementCosts|IsPointer,DismountMovementCosts|IsPointer,0x80C479,0x80C4BA,0x80C4FB,0x0
F3 Princess,PrincessName,PrincessDesc,0xF3,0x03,0x00,0x00,0x8B,,18,6,6,7,6,0,8,,60,20,20,20,20,20,20,0x03,90,45,40,45,15,15,0,0,0,0,0,0,0,0x0,NoRank,DRank,NoRank,NoRank,NoRank,NoRank,NoRank,NoRank,PrincessAnims|IsPointer,DismountMovementCosts|IsPointer,DismountMovementCosts|IsPointer,DismountMovementCosts|IsPointer,0x80C479,0x80C4BA,0x80C4FB,0x0
F4 Princess,PrincessName,PrincessDesc,0xF4,0x03,0x00,0x00,0x8B,,18,6,6,7,6,0,8,,60,20,20,20,20,20,20,0x03,90,45,40,45,15,15,0,0,0,0,0,0,0,0x0,NoRank,DRank,NoRank,NoRank,NoRank,NoRank,NoRank,NoRank,PrincessAnims|IsPointer,DismountMovementCosts|IsPointer,DismountMovementCosts|IsPointer,DismountMovementCosts|IsPointer,0x80C479,0x80C4BA,0x80C4FB,0x0
F5 Princess,PrincessName,PrincessDesc,0xF5,0x03,0x00,0x00,0x8B,,18,6,6,7,6,0,8,,60,20,20,20,20,20,20,0x03,90,45,40,45,15,15,0,0,0,0,0,0,0,0x0,NoRank,DRank,NoRank,NoRank,NoRank,NoRank,NoRank,NoRank,PrincessAnims|IsPointer,DismountMovementCosts|IsPointer,DismountMovementCosts|IsPointer,DismountMovementCosts|IsPointer,0x80C479,0x80C4BA,0x80C4FB,0x0
F6 Princess,PrincessName,PrincessDesc,0xF6,0x03,0x00,0x00,0x8B,,18,6,6,7,6,0,8,,60,20,20,20,20,20,20,0x03,90,45,40,45,15,15,0,0,0,0,0,0,0,0x0,NoRank,DRank,NoRank,NoRank,NoRank,NoRank,NoRank,NoRank,PrincessAnims|IsPointer,DismountMovementCosts|IsPointer,DismountMovementCosts|IsPointer,DismountMovementCosts|IsPointer,0x80C479,0x80C4BA,0x80C4FB,0x0
F7 Princess,PrincessName,PrincessDesc,0xF7,0x03,0x00,0x00,0x8B,,18,6,6,7,6,0,8,,60,20,20,20,20,20,20,0x03,90,45,40,45,15,15,0,0,0,0,0,0,0,0x0,NoRank,DRank,NoRank,NoRank,NoRank,NoRank,NoRank,NoRank,PrincessAnims|IsPointer,DismountMovementCosts|IsPointer,DismountMovementCosts|IsPointer,DismountMovementCosts|IsPointer,0x80C479,0x80C4BA,0x80C4FB,0x0
F8 Princess,PrincessName,PrincessDesc,0xF8,0x03,0x00,0x00,0x8B,,18,6,6,7,6,0,8,,60,20,20,20,20,20,20,0x03,90,45,40,45,15,15,0,0,0,0,0,0,0,0x0,NoRank,DRank,NoRank,NoRank,NoRank,NoRank,NoRank,NoRank,PrincessAnims|IsPointer,DismountMovementCosts|IsPointer,DismountMovementCosts|IsPointer,DismountMovementCosts|IsPointer,0x80C479,0x80C4BA,0x80C4FB,0x0
F9 Princess,PrincessName,PrincessDesc,0xF9,0x03,0x00,0x00,0x8B,,18,6,6,7,6,0,8,,60,20,20,20,20,20,20,0x03,90,45,40,45,15,15,0,0,0,0,0,0,0,0x0,NoRank,DRank,NoRank,NoRank,NoRank,NoRank,NoRank,NoRank,PrincessAnims|IsPointer,DismountMovementCosts|IsPointer,DismountMovementCosts|IsPointer,DismountMovementCosts|IsPointer,0x80C479,0x80C4BA,0x80C4FB,0x0
FA Princess,PrincessName,PrincessDesc,0xFA,0x03,0x00,0x00,0x8B,,18,6,6,7,6,0,8,,60,20,20,20,20,20,20,0x03,90,45,40,45,15,15,0,0,0,0,0,0,0,0x0,NoRank,DRank,NoRank,NoRank,NoRank,NoRank,NoRank,NoRank,PrincessAnims|IsPointer,DismountMovementCosts|IsPointer,DismountMovementCosts|IsPointer,DismountMovementCosts|IsPointer,0x80C479,0x80C4BA,0x80C4FB,0x0
FB Princess,PrincessName,PrincessDesc,0xFB,0x03,0x00,0x00,0x8B,,18,6,6,7,6,0,8,,60,20,20,20,20,20,20,0x03,90,45,40,45,15,15,0,0,0,0,0,0,0,0x0,NoRank,DRank,NoRank,NoRank,NoRank,NoRank,NoRank,NoRank,PrincessAnims|IsPointer,DismountMovementCosts|IsPointer,DismountMovementCosts|IsPointer,DismountMovementCosts|IsPointer,0x80C479,0x80C4BA,0x80C4FB,0x0
FC Princess,PrincessName,PrincessDesc,0xFC,0x03,0x00,0x00,0x8B,,18,6,6,7,6,0,8,,60,20,20,20,20,20,20,0x03,90,45,40,45,15,15,0,0,0,0,0,0,0,0x0,NoRank,DRank,NoRank,NoRank,NoRank,NoRank,NoRank,NoRank,PrincessAnims|IsPointer,DismountMovementCosts|IsPointer,DismountMovementCosts|IsPointer,DismountMovementCosts|IsPointer,0x80C479,0x80C4BA,0x80C4FB,0x0
FD Princess,PrincessName,PrincessDesc,0xFD,0x03,0x00,0x00,0x8B,,18,6,6,7,6,0,8,,60,20,20,20,20,20,20,0x03,90,45,40,45,15,15,0,0,0,0,0,0,0,0x0,NoRank,DRank,NoRank,NoRank,NoRank,NoRank,NoRank,NoRank,PrincessAnims|IsPointer,DismountMovementCosts|IsPointer,DismountMovementCosts|IsPointer,DismountMovementCosts|IsPointer,0x80C479,0x80C4BA,0x80C4FB,0x0
FE Princess,PrincessName,PrincessDesc,0xFE,0x03,0x00,0x00,0x8B,,18,6,6,7,6,0,8,,60,20,20,20,20,20,20,0x03,90,45,40,45,15,15,0,0,0,0,0,0,0,0x0,NoRank,DRank,NoRank,NoRank,NoRank,NoRank,NoRank,NoRank,PrincessAnims|IsPointer,DismountMovementCosts|IsPointer,DismountMovementCosts|IsPointer,DismountMovementCosts|IsPointer,0x80C479,0x80C4BA,0x80C4FB,0x0
